"Genotype","TRS_kg_per_Mg_BLUP","CYMg_per_ha_BLUP","Population_BLUP","Dia_BLUP","Brix_BLUP","Fiber_BLUP","SW_kg_BLUP","Sucrose.._BLUP","Moisture_BLUP","Pol..Reading_BLUP","Purity_BLUP"
"GI 3",86.9479240405499,42.0430347010968,91256.9007601633,21.2884191426559,17.0098481106406,14.0092561010349,0.567582667068991,12.9360435081058,71.2188208532074,55.1455080889226,75.1426797141759
"KETARI",77.9765721344289,41.158363376963,70234.3904219754,18.7940786846822,15.8969295265312,12.7327248415774,0.475677046476532,11.7700928116159,73.4326767607631,49.8548626784113,73.0443439644013
"KERAH 73",74.7477251613518,50.4991468925831,158894.337658029,14.425816756119,15.6610480751675,18.4269539098905,0.328287371486323,11.3992014592755,69.6297607318113,48.6155046913486,68.5114555571778
"IN8468",113.643668608437,76.2889097379501,110120.92852545,21.1315972909956,19.455189758512,15.0136335031141,0.76064857557024,16.1218624104514,68.5740334791643,69.4600625584403,81.7887053380024
"HB07-3029-1",87.4672330365432,42.1662751194327,113805.224414686,13.022457814392,16.2018420299368,17.0986710871503,0.320873039339644,12.7421107497597,70.1526378824499,54.0831843125935,77.1383202410346
"US04-9106",98.2501718706264,76.6666565046442,147455.91077853,18.1737668927986,17.5025493589755,18.3349918643223,0.575667864932024,14.1268848620862,67.727772460347,60.2846340603323,79.6359475559408
"LAFITTE 2",83.7272425116599,44.194398848255,118828.282814666,13.6565838838217,16.2640114984383,16.6611444010926,0.365358011299891,12.4050338624284,70.3474221805765,52.9450834950615,73.3678922558001
"GI 7",NA,42.2254891842613,129273.653692449,11.6644456443703,NA,NA,0.280243698729928,NA,NA,NA,NA
"LAFITTE 1",87.4723241674928,47.0970489954125,67751.4645209978,21.2507633711195,16.9653725736016,16.2193727950721,0.535865545162468,12.9688593753361,70.1123809788428,55.5953986676856,72.261379693754
"BADILLA",83.855689258799,41.192635992375,68703.2620748902,26.0094314351112,16.0092509045615,13.8727482586737,0.521361929879366,12.3524594556375,72.5363540293082,52.3870228045019,76.1586104439745
"G17",NA,51.9925516666634,103431.914336332,NA,NA,NA,0.392065294349899,NA,NA,NA,NA
"3043-2",53.2414309067716,53.5582667300037,189136.182867148,13.6965072566111,12.4488702095613,23.4714069772756,0.301822688622048,8.4747187748363,68.00709884435,35.4078467995108,66.1935859986714
"L11-172",123.043492823371,64.8494986834385,80602.2335404291,22.0103934487073,19.789262816953,12.891277691114,0.784120917527918,17.1015229348475,69.8332403497464,73.7942781406209,84.9888107098796
"TUCCP77-042",108.438595757267,85.0384388723405,106677.354822911,22.4580590606231,18.5712493149306,13.6175203157647,0.964044596333999,15.3840232718261,70.469203442642,65.9716571866209,81.7357768663051
"GI 1",67.6148202641864,37.551586780757,71620.5718682685,12.7708615107262,14.9078441496937,17.5783877850239,0.295741075205491,10.5090897901855,71.1206463598363,44.4608802697691,68.2673532218335
"L09-117",135.28056111688,50.8801135192732,79591.4255983947,20.127387904824,20.6902437516187,11.3736923231311,0.621966053150271,18.4953574197222,69.9089156901225,80.1337321974102,88.1858306251379
"CG 96-52",116.607235136068,50.960210961894,90711.7042863724,16.1282560828233,19.6729046884603,13.9459895937858,0.606334911609145,16.4695886667315,69.2725269817221,71.0681552799327,82.3053516649396
"VCP 97-127",89.473821318945,46.8630974939842,67957.6716023969,20.9254389938945,17.0585700298208,15.6577459658702,0.595907926061405,13.181454114309,70.4588346312993,56.1502828086585,76.1548540680748
"HO08-717",119.080192188242,54.6426143495596,83588.2702078241,19.7863986350451,18.992780284201,12.6157622370629,0.640153582987696,16.4963856861579,70.7668444574965,70.8949168921419,85.529603233649
"LAROSE",102.159985791696,50.8473986435826,74010.7645398728,21.5525941349347,18.1580212145654,15.1405790981694,0.564503900864975,14.6829737889409,69.8239017376967,63.4027805361272,76.1348818594023
"RUCKARI",89.2806992334954,37.2666593400411,60465.461690402,17.3108183232393,16.7581994871152,13.0848690417452,0.487522714916103,13.0741003061399,72.348993955438,55.587643979558,77.0176262441055
"GI 4",62.7893690118599,42.5819559919704,108984.693283721,13.0397256018077,14.737171630376,17.5914500260594,0.26115552564708,10.0115339063238,70.9839828036559,42.5612552468689,63.1204851752332
"HB07-3023-2",43.2602444461188,52.3927155910522,103474.464745152,17.9665818282077,11.4481663573224,20.4220276155511,0.446204561086519,7.24394431125602,71.2599354813977,30.1808804715491,61.2152662477995
"3042-2",49.6242170271391,41.6146928775514,64870.1453153774,16.5294424908716,11.7135028069564,20.2366036853452,0.457492782943736,7.91322539527962,70.9621055402925,33.071209947737,64.286864061206
"CHINA",91.6545654830453,30.4004956159433,68719.1976487002,14.7474919542856,17.0603305973155,17.4336172647835,0.285908092161736,13.381753999676,69.027182157877,56.997638767802,77.363105471751
"MATNA",82.698402814414,25.0261934654505,45915.7638788044,15.3322705480861,15.6739759169663,17.5452465640962,0.372229568905137,12.1517405508673,69.8490140365643,51.5725016593904,75.3319751935742
"HO09-841",120.904956752925,59.232001773349,89320.9394129999,21.5452878318979,19.8242061981951,12.9480267288695,0.664169519982112,16.9065449065796,69.7543193661235,72.947850225894,84.1182334770858
"IS76184",69.5299794897013,50.4701895176762,111982.028501639,16.1749549512532,14.7736395184663,22.3538919144122,0.426893719806887,10.6576180933274,67.1525487271328,44.9165415494959,71.2818042496151
"HOCP09-810",121.097802334921,55.502860021554,77815.1701106079,20.8062155559352,19.7553030941954,12.6565295408667,0.725101632781706,16.9088768982467,70.0598682624554,72.9172139737354,84.5369361363862
"CP74-383",115.521386098905,61.7370209196161,75916.7133875371,22.9452655260819,19.1614412842925,11.4524638617805,0.84307872730538,16.2203344398938,71.3453286712863,69.7657336600801,83.4023843004118
"HOCP97-609",127.664494504968,64.1626306356319,81628.0039536101,22.1023245534531,20.4975170341863,12.823145790591,0.824636657408523,17.7324017924621,69.1112677021948,76.7734349935551,85.2702173971422
"YELLOWCAL",65.481382659826,35.1295830939611,36906.7679721996,28.8229256455911,14.7531253690933,12.722170622023,0.962768730208975,10.2824190221623,74.3914081559141,43.3045791362672,69.2945449747962
"HO16-9003",103.00434300854,65.8872609729617,160293.150153999,16.3530304344843,17.8721032949651,20.0216374086056,0.444661647550562,14.6777024583724,66.240314273485,62.734896467888,81.035777016167
"NG5755",88.4582554138688,61.16730768781,138189.175199314,15.300424312196,15.9319562653242,17.6600460680273,0.436743500185373,12.7557956248225,69.5361077562058,54.1671333190005,78.0618247194864
"NG77-147",NA,NA,NA,NA,NA,NA,NA,NA,NA,NA,NA
"NARGORI",96.6823361505262,29.5481400834774,62320.2978241151,15.0740528102415,17.4996913922532,14.4704537527129,0.383971798385331,13.9821071485471,70.6481904506276,59.7238658272147,78.4983418305914
"HB07-3023-1",52.527696393033,67.9407291456248,136705.238428326,18.6014716348826,12.4548076456938,23.3032035638127,0.549206316923611,8.39645573039451,68.1791512452858,35.1722685155705,64.9000204750168
"KALIMPONG",NA,NA,NA,NA,NA,NA,NA,NA,NA,NA,NA
"HB07-3114-3",53.4168244475633,52.2044908459273,131283.484575658,15.1199297488135,12.1855374612552,22.4303853441728,0.385182798674834,8.40563363203779,69.1158782867117,35.0234708839696,67.708017367966
"HB07-3022-1",84.8329962823156,43.9837290821226,164803.652834253,13.5519430620475,16.4616194738949,20.7338928356692,0.279280101976994,12.5758554112495,66.6695318066299,53.4109221398658,75.448893194123
"3041-3",48.470665462404,46.7181000203193,128570.906159758,14.5660251903621,12.1348817191572,24.5420628540507,0.339461549346937,7.94033481687626,67.5394222824505,33.0954286231161,64.184430781372
"HB07-3114-5",68.9828920862833,59.5153203790663,173292.831732747,13.6905398512008,13.0934760540292,29.1001461423362,0.340771008611129,10.1254528439069,63.1858062607004,42.4277029504614,74.9429649851388
"HB07-3115-7",55.1336836989527,44.4721202647653,117133.614056735,14.3435775050211,13.0013121901392,22.1923446518947,0.348525455450561,8.8078341396199,68.4491610327219,36.8971829392904,66.0362852275513
"3041-1",49.7940094428637,43.9874332908545,104303.011008797,16.2097916448371,11.506574510119,20.2372215536838,0.386180729049355,7.87100565416863,71.3096974749437,32.7331291296095,66.2439761093475
"K7-730",NA,NA,NA,NA,NA,NA,NA,NA,NA,NA,NA
"FIJI47",77.6198229506776,41.1321741400477,61187.7321226743,24.2400201396156,15.8559389595469,9.46494875684814,0.847023834228137,11.7098048954648,74.9965937638554,49.609585687717,73.3439897714263
"CHUKCHE",86.6150588031442,36.064102318397,66890.399712554,17.2169289979579,16.3799750741786,13.8126836263276,0.435898686969442,12.7158499097261,71.9902890470776,53.971461955441,76.3306618941025
"UBDELNATAL",78.9841010439693,41.7468359165414,72311.0603624079,18.4086907680928,15.7848745589893,13.537487004222,0.49050477934747,11.8272111547728,72.8394140287629,50.0800167945818,73.908880812068
"NCO310",110.512233336999,40.5503331097473,54915.6529134432,22.6622401574129,19.0116155617988,12.7776075428774,0.747953976696989,15.7018457572508,70.7793976194214,67.4847390249098,81.4997422244644
"US07-9026",60.5602956448585,51.5131624343381,127669.268297483,14.209493058602,14.375934642252,27.0523031972026,0.370655001283686,9.70037512358462,64.2453842015069,40.8251778535516,66.4117634748893
"PAUNRA",90.8481362648584,28.2397148694174,63158.9430096254,13.9061988997778,17.4619189684211,14.7199677820733,0.332934861944777,13.4255571006671,70.6939747829633,57.2828299246418,76.008302460051
"NGT1159",78.8366818667406,31.2758833492892,74152.5542746669,10.4453573462182,15.7967497172993,20.4046129133231,0.152331561945428,11.8112483007679,67.9403459917719,49.9914091564547,74.1399101014452
"MARTH1",77.852315347744,45.6741418599168,78338.4410602104,19.415436229049,15.9999254869599,13.3017164678388,0.514355353763557,11.7905062209488,72.9436367746727,49.9738762361029,72.5806813257842
"TEKCHA",77.5161446882498,48.5983968453977,87120.501396024,19.0420136917464,15.2541228868402,13.2988236780798,0.549915752536622,11.5462232890965,73.4885786690908,48.7777626684785,74.2992361299482
"RENASPORT",88.2824936354529,47.477951660687,133911.979746656,13.3642403729982,16.7009375796304,16.4777591621675,0.342012279708721,12.9598665810472,69.8211025618586,55.0972800974332,76.5735379895111
"HO09-9151",96.7813183734392,38.5743119750857,124283.018563597,12.5789593161939,17.1038756725188,16.6696763922515,0.262911368944475,13.8782576376423,69.2044485899046,59.1385574699856,79.880426706372
"TUKUYUDISTNO1",92.1680954644275,44.7322382866176,85797.7614784782,16.9934411567516,17.1485858886607,13.5095003247285,0.443847686085929,13.4551937312687,71.5872279098157,57.3166860044881,77.4938640305589
"HB07-3261-8",62.7690066775116,40.6793497876363,111540.64814649,10.3418767732756,13.5119894798598,20.9328307956349,0.206774901230083,9.65041336410596,69.1485810223355,40.4901913642908,69.9739266368463
"FIJI1",110.585904536976,56.6854492054587,62820.2469716429,24.9900656386709,18.8414958799427,14.1996568145379,0.95159624957349,15.6629962118129,69.8294090440043,67.2608916609888,81.9841816466332
"HOL08-723",116.784153009281,58.3141232914033,86133.6309038712,20.2604644035883,19.3163641943038,12.3669786619136,0.735344699598323,16.3782894578842,70.5199806069907,70.5165225670512,83.4644055524242
"HO06-530",108.777486283416,60.4566036458559,84233.1141418633,22.2009395989653,19.0128070785976,12.532325738276,0.768367198277342,15.544106746052,70.8038227552837,66.8048883827428,80.6908467541903
"HO09-824",130.867415808904,68.2189931130421,99725.0482017976,20.2934810877451,20.0843934569272,14.6813373865983,0.711914740304926,17.9135640116423,68.1014114921921,77.3975486628408,87.8390792979812
"TERERU",89.4339359793555,45.5511641904251,112852.459061613,14.1632667058939,16.5762000845318,16.9818500170782,0.352670483551254,13.0335000275061,69.4712099240338,55.4312007529374,77.2129075121572
"UBANAQUIN",79.2533573566433,46.6044832536886,89598.4158662243,17.8750580778481,15.6380356338119,13.5279896744638,0.504713237418288,11.8183362005121,72.8821047441901,50.0135287792395,74.366249271642
"L08-090",130.178560943119,65.682447713068,98233.0725931034,21.0090045016546,20.458258140563,13.9175662713198,0.735389892218294,17.9562175126008,68.4882802991869,77.715863522712,86.5455483097676
"MCILKRUM",88.019922642583,35.1464885592893,59282.8209890367,17.6988339353275,16.4229752305975,14.4501148544561,0.482379999856589,12.8616201419739,71.4797481009785,54.6351570730431,77.1169620216669
"HB07-3114-8",59.9569697566656,43.1852864361708,99626.1118944555,14.6879231273555,12.4660515657208,28.74752070808,0.364801463510915,9.10183393383993,64.2431385539689,38.01170255419,71.3055209570509
"DHAULU",100.229170166222,56.8896458753913,86025.7139766667,20.3072662468599,17.9485815686269,14.3986529083864,0.65377356718493,14.4283511179717,70.4147234988802,61.964179389286,77.1514227848817
"YUEGSEN",63.2432578863087,50.0945429645044,127916.138772534,13.7774737639528,15.7470412294112,16.1768920552097,0.389519113910863,10.3439625855837,71.2196623445329,43.8464659153016,64.878492468134
"3043-8",53.5167136099448,57.0678466323817,151511.698509487,14.2007352563122,12.5853087857241,24.6134534768744,0.359570022638712,8.53506278970798,67.22805562437,35.7152514753387,65.6241946550219
"NG5754",71.2988309421514,63.1258163599422,238390.618401955,11.7575360310843,15.0605259787127,20.2207391796255,0.278735544810385,10.9103444572748,68.4565469876393,46.0540144301011,71.4747948451552
"MISC",94.795815245712,64.6523538620251,103968.628041288,21.6852193090425,17.226572839068,15.475061266825,0.671993663687878,13.7273473110805,70.0478179546608,58.9077814231971,75.5847171739909
"FIJI 47",89.0922655624305,41.8688121053021,54839.1776837367,26.2723390616991,16.6430462681752,11.5566436448482,0.961092855890755,13.0266831702156,73.564553922718,55.3911405488486,77.164346091199
"POJ234",120.705111336782,70.5927666152841,71945.8127830472,25.4393124745766,19.9258617086487,12.7393620763558,1.14898977125548,16.9192526798192,69.6250253210752,73.0511901207631,83.7039821589776
"L05-448",122.749794539153,69.3213274647745,103146.870703635,21.9147935542041,19.9541066864142,12.9594375301552,0.780005372091507,17.1208392155126,69.6344822539287,73.9148887652217,84.5722189605092
"L09-118",112.267193627172,38.1454601993458,51557.3799973474,21.8624695218565,19.1695408722053,12.6170929417895,0.716630460054298,15.9169805866315,70.781893730142,68.4682916479235,81.8939542955121
"DWARF1",122.960888553354,67.5120300444158,92883.5398983163,20.6677867104894,19.8429396800597,14.6777666528727,0.787059392995218,17.1047170293433,68.3843400136439,73.8538217054207,84.7595299730907
"HB07-3023-5",84.9384024566444,43.6525445733075,125957.422855848,14.5425461819843,16.8078335338547,20.0353795813519,0.329525578412756,12.6804240640584,67.0518292462412,53.934188168218,74.6755921742082
"CP72-370",125.251475134705,64.7306664302613,86130.9282426096,23.3846336518136,20.4423421770875,12.6843007440031,0.811697229742951,17.4914811845961,69.3241924872276,75.7088524849114,84.4354212261082
"HOCP92-624",119.077721251831,53.113305344134,63759.2618731742,23.7043280379123,19.8950367013905,13.1987005355806,0.879013191403088,16.7617890995129,69.4328552431107,72.3497832714329,83.0717106317143
"HO95-988",126.737439545156,69.6469744914929,91414.4509795829,24.0892425276765,20.1867055414058,12.2059288080011,0.870690671661793,17.5572865916003,69.738136832528,75.8878263578839,85.7766564818847
"HOCP92-648",119.888465909247,67.1775857841668,85714.2696147437,24.5402641554692,19.8784994533874,12.0682226080125,0.847954913929481,16.8323658359135,70.3523262248767,72.6436340393316,83.5381902476076
"HOCP09-814",126.881132693009,71.0737374348164,75513.9089152553,23.5174393762456,20.0690106937428,11.5359608326811,1.04506024631665,17.5371804538202,70.3125660976276,75.750223312687,86.1800243477551
"HOCP04-852",102.484293246965,59.6747984439776,64681.0908798953,24.925139923376,17.9909118101478,11.7527094474017,1.02836815897591,14.662592290088,72.3175585736797,62.7080978483118,80.4067306244172
"L08-726",131.689058647893,59.1367067347589,76403.9560854898,22.5177281987536,20.6090654593697,11.8791535963323,0.78230882039249,18.1413948977936,69.8434464029148,78.5782012935301,86.7672121404336
"HOCP85-845",116.362911533111,65.0918468310252,77926.034387769,23.1095455802756,19.5470775121593,13.8863680885732,0.896253322794236,16.4027668555774,69.3899093106085,70.6861380869921,82.8301596500315
"N27",96.3203669077298,58.1446414157139,73710.3662793602,22.927227064559,17.6357466767242,13.0344196880921,0.872217708149031,13.988236328306,71.6548997906591,59.720944305007,78.2649917636849
"DIDENG",99.1359488736711,65.1123798200786,72239.9524156902,24.3410789393976,17.6196612145771,11.8625218762282,1.01245287280164,14.2402932761765,72.4509566365965,60.8044026832561,79.7657064106004
"Tuccp77-042",112.575305740095,65.623222395658,88610.2072070284,25.0960100144011,19.3505680613992,13.9986059715287,0.92387622077065,15.9969348614359,69.5455034264232,68.8586786139023,81.6278127863462
"L12-201",130.822739713854,64.0195030335344,76710.8514612345,24.0028678928601,20.3507831589116,11.6195565598863,0.899208731744767,17.9848602255166,70.126233830522,77.7979775322416,87.113671173914
"LCP81-010",120.935349324451,79.7758121554786,85976.3261295769,24.1993703076666,19.9549148720005,13.4349596295794,1.04442414720227,16.9487566485062,69.4204418205479,73.1731087160348,83.8339672935265
"L98-209",121.061903006183,67.1462620141344,96477.0193385994,21.731367906423,19.8604837940441,12.7203897498764,0.779989240474389,16.931541128234,69.8440782521979,73.0952823653166,84.0980270257608
"HO12-629",119.558874243499,64.1626396645702,91302.2047534465,23.2171450286179,19.6630084790477,12.9638580349445,0.781117785704802,16.7345423904497,69.8019387861034,72.1732473412602,83.874441992499
"L09-112",124.734058241916,78.2459171475698,90217.314714157,23.5635727547285,20.1902852911371,13.993895613823,0.999796050311719,17.371722299169,68.601698066579,75.0896483077627,84.8583550951103
"L94-428",125.960720120817,61.8933258231481,81236.3281278448,22.3701679072572,19.9932063262448,12.4005511188474,0.788896768853185,17.432406453026,69.688903834993,75.3171425654955,85.8229970505404
"LCP86-454",114.373227034127,69.818142658044,93801.1357402265,23.2755827369478,18.9453121658364,13.5785967684727,0.842762903765288,16.0463744072343,70.1039389999693,68.9354250796035,83.5566209816951
"HOCP12-640",124.022957130467,61.9871170161569,87884.486463402,22.7921874664043,20.2914071282087,12.3509167588821,0.747730531031519,17.333225733568,69.6129099147979,74.9544416484959,84.3038037915947
"L09-123",121.626077337507,64.4973278157536,86456.007108779,21.6598974271882,19.9620931981058,13.6221160674187,0.787347851656254,17.0159669879109,69.1606508507225,73.4663566753936,84.078598205543
"HO07-613",123.213277278886,65.8686721403575,85135.3723757758,22.9531301624773,19.7120883747888,12.3040273191919,0.840880015198852,17.0886133748331,70.0985531670453,73.7104967492658,85.4145356339139
"LCP81-030",126.751577940132,75.3039741874191,93025.9732847131,24.2057269001211,20.4775700001528,12.6952860656883,0.871138691329174,17.64233521269,69.1971727301847,76.3689683595152,84.9814474849326
"CP83-644",123.43958541965,63.047095108448,68026.6305895881,25.1560498172676,19.9695037719763,10.6293228841549,0.967872388877384,17.1895011882206,71.2299731212778,74.2233859339452,84.8621343899284
"HOCP00-950",131.146152755848,60.2955216495702,81517.9230172462,22.6130083060333,21.2028217828811,12.1434355508838,0.746696414599517,18.2632399665811,69.1424621180032,79.3323905406922,84.9882663461463
"L99-226",127.416619342864,80.5150934632477,82128.3624016608,23.4498290691231,20.5049622733205,13.0152363540028,1.12589507097733,17.7133003983548,69.0201836997048,76.6859343621249,85.2079884080721
"CP52-068",116.852011605419,41.6640553756014,53312.5981326017,22.6418991129739,19.1575835359829,12.129644528593,0.778069879499373,16.3348517853051,70.686509337229,70.3181038418157,83.8935565443965
"CP79-348",119.960665985439,58.8077384360307,71472.4020933487,23.8897842736122,19.5869951662315,12.5685352652341,0.917000283467122,16.7535046749097,70.2627607652981,72.1961265649709,84.3480871360341
"L12-202",128.137334300856,72.2944500866695,87236.9488550087,23.7816982581651,20.7675047598359,13.1744850072462,0.949851887530193,17.8552838704642,68.6082859902799,77.4074951380904,84.7961611557085
"L06-040",123.638403121137,76.2219695599598,103461.826439564,23.679723128326,20.0681562164395,14.4509039144657,0.817231996074433,17.2320418248987,68.4715364465759,74.4417573890637,84.7238885277987
"HOCP96-540",126.734216182148,71.4817472671284,90693.7205285189,22.3207524763256,20.1305926751711,12.5059066698483,0.866993197238696,17.5421158355076,69.7153241726785,75.7991351626381,85.9333747717018
"CP85-830",101.574122705637,62.6889828123456,79979.2258009636,23.2541336015896,18.0752594276135,13.7299124519811,0.874580538150239,14.6015075817093,70.8664348743269,62.47091425625,79.7557482125946
"GREENGERMAN",125.331115748552,58.1500909895182,73159.1553403888,23.3604321680973,20.0573076307229,13.4195336461876,0.876704890064004,17.3867681959197,69.1538759500577,75.1139797039625,85.4679298972994
"HOCP12-667",130.868949116823,60.4429642341385,81345.5013398141,22.6740610933342,20.536347615268,13.2004078646366,0.809156350216397,18.04431651357,68.7861922760084,78.128807730106,86.6362350920247
"L12-227",121.693259838406,80.1934425251412,92950.0378543756,22.658936713211,20.3933339298019,14.2664689600792,1.01836423666529,17.1463282833181,68.5346918972516,74.1909028829691,83.002631345834
"HO12-630",119.779070307557,65.5917928511054,77510.004917286,22.7261395658659,19.8028754849478,13.4400448207495,0.911132095059358,16.7941492429307,69.3258269989263,72.5626302037233,83.1819217884643
"HOCP13-723",130.952647118879,53.18694109315,83295.1534155993,23.9533679259667,20.5428636034866,11.2052283755913,0.662478064903641,18.0515629825179,70.2446818527802,78.165287365801,86.6538540777203
"CP77-407",121.112508830355,42.2543417430354,57046.345506917,22.4249171863548,20.0730007287824,11.802756328721,0.692843074648791,17.002521917454,70.3176605975437,73.4508559308323,83.5362929935987
"HO11-528",120.315520485045,46.8274814498876,61902.1090301542,23.5485308711479,19.820494819058,12.6907234947239,0.741101596825061,16.8538203558052,69.9364044303991,72.7210917616099,83.8605747755614
"LCP85-376",119.961636657925,59.6801396045941,81597.4489019545,20.9050113690265,19.7875966852568,13.5242048908376,0.763347995191553,16.8083076897955,69.2249659586945,72.5545479365207,83.765679324261
"HOCP05-918",126.292676062076,63.1798001980631,91182.1243725762,23.3556051310607,20.238232675024,12.3021562203499,0.741082178550222,17.5309356854358,69.8896706564907,75.7988559372046,85.3727397768543
"L10-147",121.042820685485,77.1085076390158,98832.9370305263,22.749704323026,19.6718471470491,12.1094808555241,0.859510335437876,16.8790155927928,70.416555152659,72.7645229662029,84.5851391911082
"HO04-547",122.202990947377,66.7785943486716,92563.2385640764,23.4284977402263,20.0819217619747,12.3576564052672,0.916619101101517,17.1052061521544,70.0913143596181,73.9060679663393,83.9832134964845
"L06-001",132.904988984146,65.5638093831274,85348.1734494783,23.0961221103222,21.0611584753937,11.747062884518,0.879982256205783,18.3842004465037,69.3334730612593,79.807810819406,86.1098279424236
"HO08-711",112.934789386751,48.5259109001737,75372.3872283004,22.0736289502899,18.8256061265354,11.0755592092262,0.640467766022673,15.876411940293,72.0134031528402,68.1959053028392,83.0106428826859
"HO89-889",124.919696873274,64.7017717797563,91173.6422222392,20.8366930389675,20.4914696027315,13.4496038058743,0.804322226039948,17.4737365335222,68.8667963415398,75.6557344773039,84.0718973516552
"HO04-847",120.213809647718,67.9902214703041,86305.2525387283,23.50630698949,20.084103823646,11.9369229970627,0.863350165079037,16.9213007161956,70.4159627678341,73.1123669661865,83.0827645440073
"HOCP01-517",127.67840126143,65.3142977628826,77268.564968467,23.1868636770763,20.3749157275862,11.5642261669571,0.972098122700807,17.7004360761789,70.2196131714478,76.5819018005819,85.5899840770361
"LA PURPLE",114.764649765183,43.1113819717136,63101.6382314027,22.3860300414899,19.5351207691358,13.674086074715,0.66450787278955,16.2502958062788,69.5228593381845,70.0464336836921,81.9840842447901
"HO08-709",119.020536494412,59.1877497803618,87821.1893479476,20.2508835684639,19.7179327151386,13.7179180560711,0.722507385719334,16.7051640746524,69.3744942378496,72.0379227171651,83.5862516080171
"HO10-919",121.66334644016,57.9341715595732,78727.8124371953,23.0831620093743,19.9495827685508,13.6712338168016,0.878617889463647,17.0224652928018,69.0476615583476,73.4807491836978,84.1019256772357
"L06-038",121.237644451912,61.3648352830955,75581.4164639582,21.2633901376598,19.8184748676959,12.3340023307863,0.856000839779731,16.9376125659888,70.1181308318951,73.0916408795031,84.2383125118552
"HO09-831",124.87500959013,57.4253018065549,68584.2786900226,23.4375649562937,20.2246868792284,12.7626108406637,0.898087229089148,17.3944070821577,69.6799479989508,75.2049241264762,84.8105472365107
"HO07-617",122.548541420689,63.2548606306782,93635.4303542778,21.2049126913003,20.075351716461,12.2863280599719,0.718169686241668,17.1345518253512,69.9340963633898,74.0245577961176,84.2291256656904
"HO06-563",125.630883947603,76.4838916873048,92580.4871241714,22.6739724006784,20.1608947542815,14.0971454105231,0.903439946482196,17.4458765022398,68.5215040904208,75.4106349895561,85.3041454358304
"HoCP01-517",130.178237881835,62.4696036968076,79387.0182422772,22.65563751638,20.6977935536071,12.1194297374971,0.94257200403634,18.0287720670487,69.5768071597864,78.0994364067733,85.913065790725
"L09-105",114.57426238886,69.0744625349012,103085.497477425,20.4060782823811,19.1853694390626,13.6441935036836,0.719966327277944,16.1323831728298,69.7428952014277,69.4018816552976,82.9092313392294
"CP79-318",117.146990817905,46.032296396952,61052.4288857489,22.3922521253094,19.6472984449986,12.618358904439,0.756100893781326,16.5073508523106,70.3315611329306,71.1777461849862,82.8099029784431
"L01-283",126.186869270499,81.9329952830409,121648.565610591,21.118755217668,20.4435674547523,12.9483845445384,0.762999590851088,17.5797921553815,69.1630905644821,76.0950404038261,84.8168534701809
"HOCP13-755",130.586181175032,54.160020860015,94486.9142543773,21.4187181595178,20.4195679798575,11.7952066799933,0.591295368644221,17.9824889399891,70.0300898626577,77.8159206138689,86.8050633205844
"HO06-523",127.405898486803,69.2155002018538,88561.7453745036,21.0753059101187,20.1517977364551,13.8823168515823,0.869410657609638,17.6096124954605,68.5941877660662,76.1074551494348,86.1646171031162
"HOCP96-561",126.712572833426,64.9943397679463,92967.0540436232,22.0911006007997,20.0031913911502,12.2406513521104,0.776104617095009,17.5013880490406,70.0288408435355,75.5810958090449,86.243861589955
"L94-426",126.712286783925,57.4544182622384,81411.2000082565,22.8880450573886,20.0048950262134,14.0157966969761,0.765456109558122,17.501304799517,68.7729234104111,75.5957037942398,86.1758976151675
"L11-187",127.177254722605,54.2200025434678,81614.2397070694,21.3662907084512,20.5525013614374,13.5858356418852,0.705773767526326,17.7046558899448,68.6140326722705,76.6779260079343,84.9541923783545
"HO05-961",116.671453038859,57.6517590539124,78367.4369825984,20.9285217273537,19.3996727145577,12.2738750800707,0.779486792067845,16.3875523684624,70.6443391257285,70.5866387182968,83.3296726888931
"L09-099",114.884865627565,66.5957784712406,89068.7862518037,21.3863317758847,19.006709078392,13.2299903662482,0.771170069410915,16.1113546022272,70.3077171733845,69.2371696721138,83.6444545754665
"L11-183",127.93971027536,78.6053392008302,99756.387495817,22.5156827448915,20.4167042395935,12.4600501896616,0.848027987064811,17.7347471897494,69.5996726615164,76.7412170115364,85.6923058107729
"HO09-825",125.326202356247,66.3568625787521,113345.736649327,20.4012105418989,19.9282858614969,12.4504077464718,0.667178814001811,17.3523179334049,69.8594741778122,74.9074405845314,85.8622325646926
"MERTHIZELL",82.7764516324818,39.9207826094362,60754.4659130025,19.8706771696554,16.1207330197255,12.9227149844025,0.573221349374492,12.2859905258745,72.9958764005039,52.0886338779141,75.1418768591045
"US01-040",96.0363857438356,57.9625405614681,83559.7065546759,20.2996238975633,17.1966815253724,15.8639101004847,0.728982055797754,13.8323844841968,70.0026019636792,58.9351184694763,79.3523051744925
"L08-092",126.602707950768,76.8035839649136,106729.056999212,21.2766773049627,20.3509718086748,12.9933152496475,0.782268318330441,17.5959613477192,69.2485099166011,76.1163189006299,85.2200529546174
"LCP82-089",119.725534040042,46.0705847851317,64480.1720510467,20.9300390353107,19.8810872485912,13.1488698793168,0.747049472030083,16.814876010982,69.3342125748178,72.603720359188,83.3302468154548
"DWARF2",127.072953920767,54.3430304700885,89169.3843532443,22.6132648471047,20.4459891408302,12.2930404535868,0.655259623913198,17.6645911776842,69.7545243418944,76.4488388407854,85.2218155027169
"HOCP02-610",118.866256604315,82.6067511895509,107012.846125248,21.2998215371205,19.4961083615216,13.3757394213115,0.904907403240965,16.623204918008,69.7160448764212,71.6044076718779,84.1430816220707
"HOCP92-618",130.748231382571,62.5333871070598,82432.3206607681,21.2476653753902,21.2561172633833,14.2019525155428,0.847983383482482,18.2387913941966,67.6165198191535,79.2643090602252,84.6582136740373
"HO09-822",119.209985015881,67.9653787990596,87653.1140842577,21.3896527471769,19.2713195357416,14.1236948261337,0.768058779640089,16.5917200911923,69.5353523720802,71.4428231512909,84.6055962047362
"HOCP89-846",117.945421339445,43.6778826023329,56473.5331844296,22.2255644231383,19.3721702108541,12.4707057411703,0.826954400871158,16.5044882748291,70.3069671926906,71.0534501890379,83.9440519969703
"HOCP11-536",129.082075818099,55.8002127730227,93591.9789847417,20.0077276278152,20.3178434951962,13.6450128949128,0.616337271341574,17.8161477576954,68.7706613470309,77.061475393354,86.4399969272885
"L08-088",119.281745351047,54.7790127121279,77113.4693266955,20.7626393516839,19.712627625733,12.9401803941273,0.742968822735456,16.7257007602597,69.8349030848097,72.1173595807829,83.7327135867346
"L05-466",123.52784604614,56.8923582858901,89008.1831197299,20.1906561491611,19.767666193766,15.6364795371662,0.654321921412028,17.1375474593068,68.0183652184147,73.9159549248177,85.5248595670429
"HO11-532",127.763358473718,65.1104717036128,91586.6933564065,20.8751205166381,20.4467927866146,13.726349180353,0.771460379447659,17.7265935718325,68.4992223219382,76.7251775611043,85.4939720248092
"L97-128",127.385474715412,84.4439031272,101903.118248983,21.4790095509456,20.27031091317,13.4872821733896,0.861359471458731,17.6404087544466,69.0144411597343,76.2951917163943,85.8207842368586
"L01-315",119.868567414509,45.9292858344319,86228.5494534,18.4784457166197,19.3073906589814,13.6641929133306,0.517762666851933,16.6630934656472,69.789530054918,71.7222815230252,85.0030151990106
"HOCP00-930",119.53805608995,59.5519574812286,100992.55085473,21.123698623437,19.652633319106,13.0433336263244,0.636733791146784,16.7319672835892,69.9711474030576,72.1251548369047,84.0040507598958
"HO11-515",131.234271006387,66.2993639106156,90181.3516705733,21.5520469831742,20.7149794754735,13.2306913777051,0.799104232299827,18.1294778282036,68.6799571316391,78.5731201734459,86.2657565407386
"HOCP10-917",128.288214980393,82.1627993095424,114760.363640459,21.7753983096289,20.5174201851097,12.2371587760656,0.810878648504234,17.7988151905234,69.5160912520983,77.062122354897,85.4753134606983
"HOCP04-838",129.307597464424,69.0442351859723,109017.591966308,20.5858067734415,20.7511899509293,13.7004092961406,0.686871875752753,17.9597849309852,68.2667490526073,77.851494913218,85.3657321713967
"LCP85-384",125.754659890449,75.4455373069971,114949.474858547,21.630623089132,20.1805873226555,13.2690704225766,0.75760729310272,17.46365452412,69.1181379363129,75.4827313228805,85.2825237867787
"HO11-573",136.277387869075,59.3639039974252,83603.4935313145,21.7018527608128,21.7105201632968,13.0672507772975,0.741216708801105,18.8868414226797,68.1292963637347,82.2642824670077,85.8486926374752
"US04-9116",89.6922991203242,56.4607796635848,228257.945709593,12.5043208212355,16.9030965820912,22.9558209196187,0.253649708634486,13.1599582665359,65.0970669491174,56.0079341737361,76.7631972085007
"HO14-9273",116.718583101917,85.3870521126653,109069.902059983,21.0900010985573,19.3354155296871,16.8144702950115,0.895460416012272,16.37585297516,67.2311981266373,70.5003979121167,83.5098744402444
"HO09-840",113.974356137549,60.105527177635,114521.678084058,18.5751170876109,19.0227346736142,14.6451935304443,0.555206938856604,16.0332364922061,69.1013861691307,68.9079470062,83.1741440464779
"US06-9304",115.172417343212,87.2771912321595,126878.31269187,20.4348837202279,19.0053684197429,14.1243430055158,0.773947140914896,16.1396210764722,69.4717053273358,69.3605452374109,83.7740112186252
"HoCP05-918",127.734594070175,48.3316905516252,72798.4490244102,22.1568192377152,20.5356002409457,12.4394624350389,0.575159219858434,17.7538590165001,69.6200880255703,76.8500339542899,85.3047629091555
"L94-432",130.098617477573,69.7422095767222,101367.358532934,20.6380889837397,20.7982080774967,13.3240978667418,0.737824754071225,18.046822355911,68.5970676123512,78.2498708918311,85.6139595061144
"HO12-615",127.880609940393,69.271266037534,120176.495879177,19.6263742247878,20.2032851150763,13.6184674170756,0.619402582193264,17.6685869743797,68.6911192099589,76.3851804936906,86.2433419307139
"HO10-199",120.874046227571,73.9983310886116,97274.101907297,21.7813649981541,19.7253476358626,13.5943978751267,0.848358528659635,16.8760435543779,69.3389886864897,72.7776645536768,84.3774839724881
"Ho89-889",134.180696845448,56.9938159979621,82022.0052347353,22.4100654403401,21.557870101434,13.6363317452884,0.776748535071091,18.6501608426516,67.8282320419592,81.1526244266287,85.3593528918334
"L09-107",114.769180596729,54.8496912013563,73162.3320364085,21.5453725867998,19.1175243932787,13.3777109794468,0.750806092553467,16.132869362951,69.9943087786564,69.3727877252318,83.2072167342663
"L12-218",110.535661515633,82.9784274678783,98833.9979297687,20.0533607461121,19.0851996420136,14.1944961679555,0.953314590610255,15.7301635545207,69.7584397459606,67.6267076723758,81.3584248245424
"HO11-519",124.448873381192,77.3474156742386,106314.576093041,20.6658546017126,20.1145512478164,12.8623251670425,0.823979178461667,17.3225408704338,69.5341313156565,74.8485250935723,84.9275518029897
"L11-168",127.299090214747,60.3781104002639,89987.1370613308,20.5490743170405,20.3636010342114,13.4717978453743,0.708856561412576,17.6598968977505,68.7940742549572,76.4023762163047,85.5351428743858
"US07-9022",68.6701257850035,95.5347467302593,169565.018122879,18.4989282706542,14.5309997011389,19.1303455269497,0.621434607802075,10.5111406791267,69.9737486018325,44.2525309719875,71.2722944091066
"HOCP09-803",133.949754713155,46.9906042074213,82006.9982809569,19.2631982575285,21.5104846629787,13.1363739068802,0.523155215761139,18.6131007081941,68.2131242031525,80.9825143359978,85.4606303700337
"HOCP02-623",128.210048545519,62.3859437246113,92153.7295357134,19.4183043620071,20.0669611159613,14.1172378243841,0.65136890067715,17.6647473062183,68.5322132249148,76.2991918116574,86.75746015242
"HO09-827",115.874054801343,58.3136628639774,107249.942461745,20.1112350928575,18.9962274836744,11.8352912619951,0.589179715230129,16.1998248574425,71.4193235003531,69.6264366077446,84.1438570265683
"US79-010",114.47386048085,77.1774847938858,117265.473093678,20.6075716775766,19.428380389203,14.6645063395619,0.700899985780755,16.1951983803649,68.7904812157877,69.7601192510007,82.1824274263552
"L99-233",126.72823370859,72.072398173353,111024.537698024,20.0870678263401,20.1639541187285,14.360978222353,0.732035858257504,17.5513694015635,68.3191625538532,75.8537062046914,85.8145515856043
"L01-299",124.457091516065,63.7042010703624,95761.8825829314,20.1091208478702,20.0024675142587,13.2551082481452,0.719918490487224,17.2953543073558,69.3280628969725,74.6926587011834,85.2285715012457
"L05-457",130.071753646581,62.0331741587045,97251.3899729775,19.3329130516109,20.4376384566614,13.6732375526913,0.691028344748358,17.9382102862258,68.5974383898466,77.6381899536575,86.5646541576095
"MUNTOKJAVA",49.8015186252087,58.9312121290501,95554.9667632631,19.6802377929864,13.0565221897757,14.8121789956629,0.662958333009523,8.32713540970029,74.3567820147197,34.8561816889544,62.5162937099474
"L09-114",121.290906454917,46.2529449356516,75096.8848001886,18.5433920923212,19.9775452869176,13.2617376643172,0.621989701270994,16.9910211613892,69.2923199945689,73.3580001256553,83.876812105689
"L07-057",122.90160685731,50.1471681609057,68987.8629606611,19.8735313240532,19.6672572189979,13.0110347347702,0.707403266103118,17.0473492753636,69.8726783163561,73.4989603389944,85.4705978856548
"HOCP91-552",120.180292742746,71.4635834841413,108936.596369214,21.0046378914105,19.8819401508291,14.1756470571088,0.72566592357297,16.8574971569271,68.8206097777097,72.7558924231232,83.6405011235817
"HOCP95-951",125.189659953149,58.1559577362924,89046.087719865,18.2539084739041,20.3964263626449,16.0472083768611,0.658168205965232,17.4755553941191,67.0373780471671,75.6142803497806,84.5281720588564
"US99-34",62.3969383524041,45.8640618001686,69841.3448267083,19.8372426927733,14.121625757171,12.2845808812881,0.614550025379486,9.80168732052176,75.3182204554638,41.2176405656846,68.285465334415
"HoCP10-917",138.60217716536,65.1216513460496,102775.052613664,21.3126652281984,21.3639377950311,12.1983187697896,0.701965402008331,19.0072816074663,68.8864224932673,82.6207833231891,87.6596657452285
"KT 730",95.3963116092596,42.0959765689045,55274.6789805454,20.0810127875762,17.1796143626617,14.3773923888539,0.595767102991342,13.7737130872536,71.1331762637461,58.845486632911,78.7012463704847
"HO01-008",93.3064944373856,93.245288094991,142890.447363627,20.1228471009895,17.2813682812476,14.7969549879005,0.730190628948474,13.6027019823516,70.3123299291387,57.9827934275195,77.7630816625813
"HOCP02-618",123.592426116514,50.5007354766002,82828.1607103128,19.6042651224882,19.4897829897118,12.7941699172295,0.581509175001776,17.064266560413,70.0711203079792,73.4991290533486,86.2972481872918
"RENA",74.2683121241816,55.1097587124533,86893.4245563617,19.6951108393373,14.8897996884134,13.4989022670764,0.637014046545301,11.136105356241,73.4912506848986,46.9513188843764,73.7985021642755
"HOCP01-523",124.945492417615,91.1933562280643,125679.491479536,20.5252824449726,20.3304768627278,13.6232672658352,0.846102095474642,17.4320109234754,68.921396486836,75.3970153826982,84.5655106808738
"L09-129",117.870764512187,56.6318619519471,107041.048008366,18.3197696964872,19.6100732521525,15.8072296701415,0.541614179529299,16.5652649487514,67.8327464402003,71.3927244876806,83.3923781046809
"L98-207",121.568421718743,55.9586826025891,90558.2747224517,19.3857412318851,19.7758200819412,13.8352496373264,0.628899901517507,16.9544863592427,68.9957326883043,73.1320673929145,84.6361873841951
"HO07-9027",79.7145165244154,64.8119446750005,136670.226513604,16.2727168166391,16.4752238065179,24.234907104386,0.501293585353478,12.0998759005154,64.4427459877513,51.4388804833126,72.3968617444444
"HO10-9406",96.5327057603935,92.6305408445207,139669.828323325,19.2844689700018,16.4507609399959,18.6584191154023,0.847932419103656,13.6624722357324,68.2927000861317,58.0446929295184,81.5665335323775
"US06-9306",107.437920097384,62.4566369850731,92166.8612004161,19.2815316565442,18.4631243020057,17.1079033378535,0.727191430794673,15.2620388137212,67.8504971875838,65.4122497512249,81.6224683526869
"HOCP82-089",127.211851548414,60.3937642507505,94210.3349628464,20.5200034744843,20.559956314097,12.7800251521653,0.720719806882766,17.7106150433884,69.079297745534,76.6807850471702,84.9672927033928
"US89-21",77.8625564770642,59.722383925211,102304.290324122,18.5698805383261,15.751755407201,18.5405742786019,0.636240716618337,11.7240367262545,69.2142811714598,49.6230102429674,73.4508586947987
"US99-022",96.4583963310759,76.575070978635,126042.405205127,19.6313803094776,17.4778110488192,16.5795362552293,0.670730503272779,13.9556176327393,69.3971791728431,59.5413128637173,78.7828333630789
"HO15-9360",122.140061801848,58.4392774678542,103136.046444918,17.5551688259955,19.4497948906071,14.930772769772,0.582632960078873,16.915776838684,68.3383127955067,72.8621714019205,85.7205027166913
"CHIN",92.3277156050615,45.7553827272154,83431.0394911135,18.7864326019565,16.9710553266714,13.3441681921941,0.530699296932639,13.4220461138627,71.8800609871563,57.131928450224,77.9738593696663
"HO00-06",86.5885550719535,71.812911875637,129865.333468834,17.6242793628192,17.1127368793153,19.1345385479155,0.612110296663001,12.9271532427107,67.9877258362229,55.0611501825287,74.6180806140307
"L09-108",122.407259883352,55.4134591011132,88709.365686533,18.9462360633509,19.9792150679868,13.3539522013146,0.55887577729282,17.0931626827827,69.3519816347019,73.8134380900873,84.3713811079975
"HO01-025",86.0195960209392,58.6409705542268,112757.178417125,18.1723025324255,17.0058636679933,17.7977634490086,0.536944176959769,12.8488639348664,68.9525746087644,54.7027630956466,74.5078662588579
"HB07-3329-8",72.5400623387695,54.7260664935588,118156.96883662,15.7953451716811,14.8019808126507,18.4354341823969,0.481562698055464,10.9478932046566,70.0646156005322,46.163978827454,72.8167448940556
"HO10-9246",94.8216216433845,92.055863268536,149509.089287003,18.3396805604687,16.4787251347774,18.2586740976303,0.724720400416765,13.5114833374515,68.512956239497,57.3705007144656,80.8450321200018
"HO02-144",91.6153402789636,55.4341901983508,184851.444103485,13.191083429777,17.381305856142,20.2371116685889,0.299061193313399,13.476180826221,66.8917577008791,57.4926876851054,76.321906087376
"L09-121",108.492537468694,70.8019594225426,124602.560182435,17.502994490737,18.9973084484362,15.0837367000841,0.595124472211367,15.5115841687276,69.1198351984666,66.6584579641876,80.6525448341218
"US03-092",87.6408522990184,74.622694314646,164276.167604327,17.4769965353949,16.6941873066131,18.096514322915,0.496582840748781,12.9019705663025,68.7192470037798,54.8595363741823,76.2443430422081
"US07-9004",90.199358488704,66.8003260000508,161698.237260866,15.0667013038169,17.337601207976,21.5737504407274,0.424972674651987,13.3205763721821,65.6149726091857,56.8689687189329,75.4676812494881
"RENA ",74.3441552417167,62.3836567127427,105130.249117685,18.9254123419884,14.861554356422,13.8945942751615,0.635290736098981,11.1322368399983,72.9981379689444,46.9453844970945,73.8773275371846
"GANAPATHY",77.6469899596479,63.0904433964209,152053.428530046,17.3789403822066,15.6651447072388,23.4779197927346,0.436418567918446,11.6744801848329,65.6823674534746,49.4118689548363,73.4767053075642
"US03-74",89.1298221503838,50.2845649644849,132194.716757604,15.2756105957187,16.6644873091619,21.5192527296467,0.379971706455476,13.0312720803061,66.4563720196894,55.4018903940525,77.0874097568091
"HO02-113",93.9983825746322,70.4547519708965,190100.152123805,15.4492294807393,17.6589922994833,19.5560259076151,0.406218946920029,13.7765471764216,66.8332047338937,58.8386028601841,76.9893740154875
"US07-9001",106.843693921341,66.0662509178822,138480.111686597,16.9167739698526,18.2862913798147,18.8340945975161,0.503531332768082,15.1549935107658,66.8452189764095,64.9206959428845,81.6289884258422
"HB07-3114-9",56.9309016388443,59.683271615789,138796.757649391,15.1446748691358,12.3185707910569,23.9805475135373,0.451980872966347,8.77698205325163,67.5937389921763,36.6311544627811,69.6173526292852
"HO10-9235",103.609273726102,63.9413530263193,172380.955226348,15.4396653235564,18.1209526495752,20.3679323094197,0.397487039694498,14.8035824962828,65.9170606492079,63.3529252013381,80.5574142160494
"HO04-9076",89.7546043838667,76.8531673887051,159213.139233313,16.0124623170687,16.6347040895379,23.6093343880149,0.5234203029639,13.0820805202957,64.5914111755902,55.6001815309276,77.6485417185355
"HO07-9017",71.7043600331433,69.1389100691945,174031.204530598,17.3096698531581,15.4732854569401,23.7594100360275,0.422395905469121,11.067786854203,65.7546779761027,46.8390313955774,70.2408343213141
"NEWRA",84.1438573663783,41.350185943447,102054.547278133,16.0896944399807,16.0138295911061,16.146813206253,0.356235204352509,12.3766677106175,70.6067036789077,52.4700518827552,76.3202222911514
"US72-019",86.9433058468618,53.5900056721581,101284.305059782,16.0950433629426,16.7589005672364,19.6208079326753,0.505839124732839,12.8557896298888,67.5737100532781,54.680045801553,75.7339678900002
"US72-071",91.5179403958781,60.1421419457203,182902.175954577,15.392803613029,16.8217616324639,18.0238579104357,0.361944161060709,13.2973364622076,68.6179350747019,56.5604744463392,78.0486171245972
"3043-3",58.3565288571454,44.9293846616167,117597.917628493,15.0413985940662,12.6164851857146,24.9277793235436,0.346535801216791,8.9941088062085,66.7792983693699,37.6382620005536,68.0577488404225
"US04-9103",80.3691940082275,56.7502698930192,129781.459102585,16.4976616339106,15.9822034261711,17.3826385371368,0.425822962697388,12.0190765737541,69.7713467128559,50.9368732407357,74.2934769382838
"KALARI",73.2541582179201,56.1844373861771,136919.95537506,15.6295258654412,15.6544742624118,24.6058495161379,0.396222818060935,11.2603989138242,65.0358936260425,47.6492013266573,71.0539065871887
"HB07-3329-5",90.8612527139567,41.1819883552054,100320.229952929,14.7640732957004,17.0612359738593,16.5968691073863,0.374261074693305,13.312969145039,69.5952709808904,56.7313984350785,76.8907007058774
"HB07-3045-11",86.461623511312,57.2101833902505,132616.584334188,15.6093273842994,16.314161216789,21.7436155680355,0.42704401342151,12.683352305785,66.0030258068262,53.8266323591456,76.6062052742427
"HO08-9003",90.3783163312814,77.8169462668078,171420.917081341,15.6164558081417,16.4218011452654,19.3550237910487,0.508392270618242,13.0828769575701,67.8318156968311,55.5628454002786,78.4905346841087
"KHAQZI",75.4457939468375,38.1613576037528,67332.1004431198,16.0932105713513,15.284101903536,15.7801296821665,0.379890229260177,11.3517638212063,71.4703309209925,47.9789154959836,73.1895356061413
"HB07-3329-3",76.3786831989494,73.5431145909104,171127.536239552,14.9508070460668,15.2193377899928,21.304001710656,0.462348023879671,11.4317440215772,67.7607954648046,48.2858769104313,74.0073774886865
"HB07-3073-6",80.8055181474086,63.964177719465,194669.428811095,14.3525823846772,15.3618377151036,19.8616078613534,0.33629360819457,11.8835715288667,68.2278076302827,50.2373665859777,76.0240354119297
"Q18-131",114.708769444628,52.003765996335,141562.229756923,13.1476709738071,19.3816924779253,15.0747345966027,0.362196262095799,16.1937696472476,69.024763479868,69.741588271344,82.1799567225289
"US03-095",69.1349918401747,66.5106326433583,150342.594119389,14.3910814864516,14.6453200135419,22.4165083390815,0.476321584070011,10.5866586149262,67.1594906716603,44.6292256843503,71.010703177728
"HO07-3045-11",81.6311608386803,47.0240725232244,106728.267593499,14.3807015919029,15.6444139910956,20.9450981953894,0.367423693837359,12.0340366180172,67.468870028225,50.9558301513797,75.658496071178
"HB07-3045-12",85.4124984929069,73.2880939425212,175285.742070893,14.4216922887314,16.4605122011375,22.1799949495394,0.449184625112666,12.6286443808214,65.6998435273096,53.6275261333283,75.7702409008029
"L79-1002",78.2061692226039,60.0209351932289,191906.977653585,12.2984313981261,15.4319205862314,23.7094247917416,0.329065537692708,11.6597507330311,65.5134880522445,49.283995853401,74.7115792642096
"US09-9206",59.3483816645951,77.3365892605642,128469.756434476,15.1174178177206,14.0260397659994,27.0824498335837,0.622092776321735,9.48578320627594,64.7066629897699,39.9490729329194,66.0195728817973
"HB07-3045-2",87.794333776003,72.6025159205851,217192.493824133,14.4930031482748,16.1063992663014,20.4737027438783,0.3574717926766,12.7497468263347,66.9830805681213,54.0782226670167,77.9653839595957
"HB07-3101-2",78.0310154952655,42.8218563760675,135196.062065688,12.7815019669453,15.5442069341092,20.1831680536811,0.233822980898703,11.6689541722475,67.7605210110641,49.3620065481929,73.9695209602508
"HB07-3022-2",82.0092591547357,76.0671338859431,219395.040688178,14.2700856387674,15.5628513497404,20.3735252025209,0.36547755329673,12.049435467423,67.7424287761809,50.9834972615534,75.9954385646969
"HO02-147",95.5726606814924,41.5081604663449,172083.999514804,12.645139958662,17.572646063271,17.5613527660439,0.226341155058913,13.8975774658408,68.4691288949949,59.3081697439833,78.2486975808201
"US03-108",79.9936407300615,57.3162551844888,217996.114889666,12.469692438265,16.6210048934363,23.9743484295384,0.280353877545388,12.1682270291557,64.6608554290332,51.715782050661,72.5943224027479
"HB07-3073-8",90.1107268170857,58.3085162736866,209377.369864128,13.3735670526279,16.6739112674573,20.9334949745303,0.28979494534244,13.125180642752,66.2617291763025,55.8333322141611,77.3970556997863
"HB07-3073-3",90.8889614588179,55.3488640167439,196736.648339586,11.8783083370187,16.5430229729668,19.479702402718,0.286172114998489,13.1631061941398,67.3418739231816,55.9586414508893,78.178838594972
"HB07-3452-4",82.975178920223,51.5528647190658,247608.65438266,11.2203217438866,15.9709169827242,22.5266818310644,0.218315955419809,12.2594987437195,66.1337690983247,51.9620974843794,75.581964453295
"US03-077",72.5363457117957,44.8475144559165,140936.349836759,12.3706844783318,15.0228047949781,23.3066397281907,0.279544878473762,11.0131702366639,66.3280998716044,46.4700703845333,72.492512512201
"US92-06",86.5507976629646,54.0050845743945,232624.076869877,12.1326377732857,16.7986003422262,20.0245714273441,0.238423582955841,12.8370500964339,67.2155704591064,54.6223850103759,75.298614662201
"HB07-3452-3",64.516289756579,37.8572797241958,173929.512717093,10.9546377544609,14.0718654192893,22.0246521130122,0.187133161571285,9.98871210795132,67.7498705063329,41.9793506405279,70.019915177166
"US04-9130",95.4008290513824,48.7920064643684,180594.824764057,12.6794957471691,17.7363269604733,22.6494406926561,0.274480719535817,13.9283818106303,64.077373885527,59.4956073170675,77.5291794285906
"HB07-3073-2",97.1856411313735,59.4399505940643,220395.04439434,12.322538465534,17.1047193982576,19.7739388644753,0.27602578783015,13.9129047310474,66.8576408009625,59.2577061303446,80.28196759012
"US00-011",75.548593651309,61.3405799356074,225601.404199619,11.7982406134552,15.3383824861608,20.9672168161076,0.276962474360189,11.3818594021522,67.7925045565861,48.1294497550351,72.7612707267112
"HB07-3261-1",77.9867878122282,37.2156331748634,228525.914997793,10.7042650801437,15.9934911768981,18.8407820681798,0.158617973815638,11.803600536823,68.7157916029937,50.0667647385746,72.6205384142978
