"Geno","Location","TRS_kg_per_Mg","CYMg_per_ha","Population","Dia","Brix","Fiber","SW_kg","Sucrose..","Moisture","Pol..Reading","Purity"
"3041-1","Heavy",54.3306538013964,54.7096105228223,141750.408897545,17.510829418788,11.6218137481747,21.4012417583407,0.390527899785144,8.60658089632676,70.0700271623066,35.5287866017618,70.3791785410764
"3041-1","Light",39.645759993436,28.9792107586335,91311.9976055532,15.7301934557088,10.864599036177,19.5358809447041,0.351171534174954,6.74274397919426,72.5013463637223,27.8679703813684,60.9996396970375
"3041-3","Heavy",36.9818110954329,59.1470305247226,198250.279131702,15.2218772248497,11.3357461726474,24.3082322185785,0.289927692812645,6.96454617825587,68.3238126691346,27.3014832873778,57.5048561234941
"3041-3","Light",51.5958706828156,33.9616459132105,109758.227143423,14.2676846575351,12.2751021576823,25.0779588398222,0.321442135059444,8.26852771689271,66.8417340325144,34.4450350326174,66.0787039410172
"3042-2","Light",44.8207500314335,24.5718343213543,53347.226255547,16.4068427835988,11.2094431960862,20.4421700178798,0.429292132177224,7.32806590723635,71.3227154218306,30.4851589318967,61.9209531443958
"3043-2","Heavy",37.6318968265253,70.4193401754727,254827.770776365,14.1859566311546,11.6524493041931,23.2381390053916,0.296567336062946,7.12155714748339,68.8100032113417,28.2496671234349,56.3078554178768
"3043-2","Light",58.1808164024366,39.9052711534497,191839.760785641,13.361655689413,12.4842044640328,24.1140877494998,0.253878221326695,8.94082216795193,67.3275625501667,37.2964039719516,70.3370697053773
"3043-3","Heavy",69.2717281781081,25.7861080429053,90425.760183442,13.6759191471375,12.9974922469171,24.1828334542777,0.256588705146608,10.4019111635297,66.7661651526984,43.5989840941214,75.0296459102919
"3043-3","Light",48.8084709394199,45.83149536581,132041.559423293,15.4134422662306,12.1166987729118,25.6037098329223,0.347047452748851,7.9603856352112,66.5080376327853,33.1525088801635,63.568820132298
"3043-8","Heavy",46.3428791501902,49.2240274286379,153655.239436517,13.3017429569783,11.971034056827,26.7222336940852,0.297279163398753,7.99611511538221,65.7918456848932,32.6195727880267,63.1116122341401
"3043-8","Light",52.6498679394754,61.3027177017452,166961.992452749,14.5815614597825,12.5372772715856,23.9556527450023,0.357052390476517,8.44082912298292,67.6141634548482,35.2846007546171,64.874143662662
"BADILLA","Heavy",74.295813333638,23.470595277799,57181.4107699591,24.833630064196,15.1839259509413,17.36119270662,0.396798860049315,11.5273020358495,70.3136716782269,48.0479960503022,73.516012861282
"BADILLA","Light",86.4709863091619,30.8706536336247,61821.9247209618,27.0948988127969,16.2928954390166,11.7347566153524,0.561681722631449,12.6747333943354,74.2555451855235,53.7785664220975,76.7164800087763
"CG 96-52","Light",118.572642482816,42.031575572172,85749.6035383349,15.8602144274324,19.8397049968937,13.7933597644557,0.599094162503018,16.7007572575263,69.3151920061743,72.0702508109578,82.9710102895134
"CHIN","Heavy",90.9149357746943,47.5770695458631,95842.4239324528,18.9618839470355,16.7965042464913,13.8994671672627,0.523419454952343,13.5341824878486,71.5327271482284,56.735960624983,77.9547653237539
"CHIN","Light",91.8623732408549,37.3101314587583,75940.3198471715,18.8510560603663,16.9821784120946,13.0505256517156,0.520970066662269,13.3821958499464,72.1445842750308,56.9293444799994,77.7196833324376
"CHINA","Heavy",90.5472781743205,13.6797225300266,53740.58792579,15.6793384366029,17.197706034471,17.1626384921801,0.247155811176505,13.6029557409385,68.9731383546738,57.4523097986199,76.8680992382419
"CHINA","Light",90.3140317059313,18.768831278105,66318.3190370678,14.3805146442008,16.8744196253213,17.6691478104476,0.255219522404665,13.2052018108635,68.9145080122229,56.1660711858948,77.0709903406204
"CHUKCHE","Heavy",93.546866518581,22.1001714712051,57166.2214129379,16.1468962636161,16.6633829536266,12.8831319929548,0.486071603520643,13.7798833776338,72.4157222556764,57.282359589843,80.128801421978
"CHUKCHE","Light",84.2134995812155,22.6616577261658,59081.7143578014,17.3788079622585,16.2368177882305,13.9097175275972,0.401350312368164,12.4462870254675,72.2200442099152,52.7680289110932,75.5235836280937
"CP52-068","Heavy",99.4979212843146,19.8744001231219,34752.7570334914,22.4600421795365,17.5909387026081,10.9753921401253,0.705279998964064,14.5596081595801,72.9548025429129,61.5722050198523,80.086343554283
"CP52-068","Light",124.43442065932,40.8424414217125,52080.6334837849,22.9801299270463,19.8773923231232,12.5261906493612,0.819140992539805,17.2514897889824,69.9806041063402,74.4432484743776,85.6033422483676
"CP72-370","Heavy",117.710564413605,57.2639000875927,74671.5907241748,23.261155180286,19.8370638424622,12.5559852317187,0.821960719686386,16.888235571036,69.936509812087,72.3059404911372,82.9282961604156
"CP72-370","Light",128.948090740774,71.4426312933431,87431.405253136,23.7263008963811,20.7813624829826,12.6211810639159,0.829402953177865,17.9376482382933,69.1063425699529,77.717691354668,85.2447383598353
"CP74-383","Heavy",120.025597459706,81.4634251546401,90670.7401060637,23.0023410791736,19.4568463387369,10.8903255016267,0.868873473366396,17.0586229938275,71.5613710600554,71.801023682136,84.3594979380265
"CP74-383","Light",113.895356728202,56.4840240141035,63899.1088621128,23.2249330135136,19.045842339444,11.5693505699375,0.858856426157281,16.02715080649,71.4640933393246,68.8613659411362,83.1383291285442
"CP77-407","Heavy",123.205660994031,24.3955649761629,34889.2532488931,21.2242062997316,20.1147807036357,11.8966481620255,0.570792694105029,17.5108182766294,70.0581992892108,74.7064585034463,84.3962856320908
"CP77-407","Light",120.581790659645,40.9002894403531,56041.7003732775,23.0556292383445,20.1127231736792,11.6343000904182,0.745656894803922,16.962471430524,70.4772827714287,73.2351083784164,83.3544107043944
"CP79-318","Heavy",121.811008944537,28.0345354099316,37560.7204062489,23.7257587756711,20.1623468953491,12.3166261205728,0.653552999386676,17.3747721233506,69.9635878109902,74.4664333630989,83.8283690562959
"CP79-318","Light",114.70189984326,46.4112519668942,59251.8180054368,22.2311036241863,19.4134795625904,12.6584813499673,0.819759928596932,16.2129880230125,70.5697220158557,69.7846745551878,82.4635250979601
"CP79-348","Heavy",121.945105620943,57.4925537086689,57536.4454336636,25.3205952303199,19.7319223148433,12.1714096708631,1.04191455999893,17.2794178739728,70.3545444922645,73.5168439113532,84.8570582778779
"CP79-348","Light",119.460922806085,59.9698263548237,71146.9936670371,23.8209209810899,19.5593248856629,12.6164321504226,0.903245022393771,16.6965236514861,70.3240477018808,71.8938848830911,84.3617084299016
"CP83-644","Heavy",123.248725367328,93.1752247686217,71390.1280766813,26.0795480250873,19.9655756318892,10.428285368693,1.27218070586512,17.4778243338175,71.3325916380982,74.1778688736746,84.6722259398368
"CP83-644","Light",124.234654008229,53.7775845697127,60799.4372384616,25.3126345692423,20.0269363151623,10.5355941833754,0.893261525594669,17.2768917120679,71.3672671575936,74.5783505920936,85.1700407990725
"CP85-830","Heavy",100.252313962578,54.0723495339056,67078.6087840527,23.0478142538976,18.1704632512035,13.9034383088191,0.818327663542399,14.7842983391156,70.4361857569969,62.8007401194175,79.1951799421248
"CP85-830","Light",101.324362440242,72.16627212595,82723.374156175,23.6250091957631,18.0061112311262,13.5903687863019,0.924085721839756,14.56118684052,71.09484192969,62.234649832965,79.8538952180965
"DHAULU","Heavy",116.543152258726,66.7696790455061,78580.9690940487,24.0618902156744,19.8520745075126,12.930578724579,0.881882155819993,16.6825715408455,69.3094296874187,74.5789881121052,83.4490170012914
"DHAULU","Light",89.5264974436162,48.8464638172212,85266.0187492681,19.4745744951056,16.9630707169684,14.9084743095801,0.566837481963579,13.1637166433127,70.8648065970005,56.237034569391,74.3153301987901
"DIDENG","Heavy",89.3522905883054,61.3907943965115,50691.383283079,23.7664354222923,16.982764256148,11.4569301136597,1.09338029826112,13.4237060643802,73.1281176699694,56.9131459674561,77.1868510397487
"DIDENG","Light",102.267498642477,70.920892047022,72854.0658050119,24.869429756975,17.8599837667192,11.9301823809716,1.02622183190232,14.6061152270746,72.4027015323805,62.399126850269,80.6733974359508
"DWARF1","Heavy",121.038296482127,59.8474113858353,74607.9208905582,21.0356949473694,19.7316802792896,14.0780063026825,0.755755828910423,17.1809927506763,68.757521948465,73.5685118058806,84.6655654246027
"DWARF1","Light",124.019274847491,76.2274809423817,97677.2448174438,20.7989832885555,19.937029491599,14.8686552790889,0.816948003990631,17.230778159138,68.1940791888246,74.4007063839049,85.079280316995
"DWARF2","Heavy",125.879384788873,39.1944344424903,58695.4093641063,22.0996430013401,20.3842777232474,12.3383672019648,0.580356886383786,17.8358008301787,69.6460061731614,76.2365346952034,84.8908235187623
"DWARF2","Light",128.250918259804,58.0269306116895,94321.197492464,23.0716119791244,20.5463613445871,12.156783062594,0.685831679379914,17.8016577700536,69.8316485171701,77.0251019848841,85.6330506913459
"FIJI 47","Heavy",77.644172363901,18.8302648639821,28249.5889885683,28.5509547558257,15.1288493546632,9.84425352985838,1.27269984132303,11.8223252364589,76.5383841748847,49.1778205894126,76.0565166200424
"FIJI 47","Light",94.1767759472455,38.7619045559379,49322.3627071954,25.9625971127247,17.5430878995284,12.4688653804625,0.843630924785717,13.7588833594623,72.5160688803429,58.7077832898931,77.1447030583936
"FIJI1","Heavy",109.310289326872,51.9172251801654,49298.9296905152,26.5789670869545,18.70999985544,13.6885842775189,0.989541483867728,15.8053816497825,70.2929928022639,67.1138301979101,81.989343779886
"FIJI1","Light",110.821444494933,57.8518596276176,57445.9216125852,24.8924475758114,18.907450502782,14.3837557874031,0.977581776392615,15.7029718112209,69.6770653504642,67.4130463353107,82.0271889790128
"FIJI47","Light",74.0204948961241,17.4869019207122,42584.3853398855,24.9208830588713,15.5803051757884,8.84784361298767,0.896056481890203,11.3075043579193,76.8122747729638,47.7889308087954,71.5386033994347
"G17","Light",0,33.090979774533,100845.082301913,0,0,0,0.27232110867808,0,0,0,0
"GANAPATHY","Heavy",72.3795532304613,44.9054235830346,126758.683322872,17.2627417129462,15.4789952264174,23.7144623865047,0.364537736339248,11.4412382100209,65.363367598419,47.3160924169583,71.1733815257829
"GANAPATHY","Light",78.2750365082218,74.606299511621,174510.499462201,17.5126758712122,15.6233609878325,23.562238560775,0.441738463876225,11.7200062246295,65.5471190633037,49.5759608190318,73.8352454057749
"GI 1","Light",64.367957172044,15.8763950261635,60321.4755927462,12.2823302523992,14.6506511180202,17.6419720763903,0.23963275114044,10.1414411149182,71.5454448693001,42.8247177015856,66.2366513333129
"GI 3","Light",84.9197946600726,11.5103386644223,87288.6966356111,21.7189447256711,16.9019362502462,13.8000972969032,0.544679462815262,12.7276926263444,71.8614611268344,54.1991854996088,73.9160897910471
"GI 4","Light",57.854634500606,20.7784473346315,111156.817943865,12.4303844898326,14.3840498297341,17.6920446785201,0.17585496470267,9.46410209216417,71.4532903164249,40.1729476404396,59.4135348785328
"GI 7","Light",0,22.6931494250007,138588.007668017,11.0553314058731,0,0,0.210232444245804,0,0,0,0
"GREENGERMAN","Heavy",122.306852812204,57.4807432678895,70111.2631263557,23.7450262763455,20.1052102496799,13.2486597997985,0.830471549550674,17.3883446078281,68.9666644810852,74.9859711524154,84.5727463036556
"GREENGERMAN","Light",126.751220768526,60.1621196483291,69730.2268903979,23.5777818488509,20.086443558015,13.415549836848,0.920797811358753,17.5311158233711,69.1642867399973,75.7008909074687,86.1468516767465
"HB07-3022-1","Heavy",85.5192987010273,44.8730922900425,232589.162570221,14.1045257113559,16.6757962531986,20.5369913293419,0.183608942164802,13.0073747171112,66.3965735736877,54.222733367274,75.1389319569475
"HB07-3022-1","Light",82.5453722713382,34.0762373480174,150103.998555258,13.3139181468992,16.2091706019377,21.1008364185337,0.274310584433442,12.2877319044229,66.3581163265512,52.0958407111149,74.8619250816977
"HB07-3022-2","Heavy",81.159169179534,111.405979315663,299964.64361869,14.7309810139743,15.615387025801,21.4962491202093,0.399073229177857,12.2717747900555,66.4699871195874,51.602141678933,75.8170918188547
"HB07-3022-2","Light",79.771314881923,70.0155222757415,216957.925407978,14.094238958939,15.3507499618623,19.8806346894763,0.321619104663062,11.7818352338887,68.24933367805,49.7503859896394,75.4390022463341
"HB07-3023-1","Light",47.9960231775173,76.3691081705149,148797.992452749,18.6338932076115,12.0138949647516,23.6957473121256,0.533725357562937,7.85482654906281,68.0029605278659,32.7721370373377,62.6288659075947
"HB07-3023-2","Heavy",0,0,46953.471179513,0,0,0,0,0,0,0,0
"HB07-3023-2","Light",40.8395060067552,46.9294119592771,114054.137777603,17.9955783119971,11.1848789426909,20.4899409588444,0.427172884093633,6.94641116030844,71.4650962545514,28.8542513431737,60.1744980819351
"HB07-3023-5","Heavy",68.2838985486194,33.4142643530679,100373.442216543,14.9188105675792,15.9871418746845,19.5544149265644,0.305749800787735,11.1817585705031,68.1910443234537,47.2563505487931,68.5249297850193
"HB07-3023-5","Light",90.0676679693364,38.5688905681053,137289.077203493,14.4026221806372,17.0813663502152,20.4200327117041,0.303246302023318,13.2402400735413,66.309657207808,56.3362452062321,76.5018336506767
"HB07-3029-1","Heavy",85.4738712240556,54.5578620148935,163857.393441547,13.124067462368,16.2494454065665,17.6665436606456,0.293702344164728,12.8272529748149,69.2558462571008,54.6106264022629,77.0773002305657
"HB07-3029-1","Light",86.2975939639263,27.5223904504361,98030.0884729464,12.8890413547854,16.0654549774743,16.9237839351203,0.292764849347476,12.5999342244646,70.4953607903446,53.4266318368287,76.8563788003172
"HB07-3045-11","Heavy",87.911622748058,57.7082675109995,148207.98238215,15.6055814674987,16.7102235745927,21.1998883663577,0.372531023468785,13.2152740542023,65.6704370041912,55.7938539333607,76.9669963160986
"HB07-3045-11","Light",83.6930764412115,56.6291041461763,136787.067194386,15.6218991469813,15.9847170888285,22.2383835578012,0.426305643837824,12.333374175883,65.8121003071062,52.2229431689137,76.0521103611501
"HB07-3045-12","Heavy",81.6707943951951,86.2368908884958,205469.199105363,15.0600135891517,16.5735653579361,21.186065909665,0.417706850795438,12.6037349082503,66.0556697744102,52.8146851033853,73.6236131242208
"HB07-3045-12","Light",85.5964656336855,76.9010605846882,181201.408972253,14.1904639291789,16.3206232725944,22.7668970752238,0.439230715861289,12.6073325852411,65.2986191419664,53.4642679797085,76.2119118262685
"HB07-3045-2","Heavy",85.2219368638304,67.8120556290924,244654.646519965,13.9603601972903,16.2696881658948,19.1770569590749,0.285939660746274,12.8397918018544,67.6578855893423,54.057490388579,76.6564831207713
"HB07-3045-2","Light",87.0600791370868,85.2475102902728,241994.455172242,14.6372451384149,15.877599988923,21.2875445784824,0.352168920030523,12.6192038644514,66.4293146652714,53.4301025734799,78.2283632534098
"HB07-3073-2","Heavy",94.1942092079847,56.4348723760376,222504.573170601,12.809871367119,17.3408266244234,19.1532633857643,0.247536054773995,14.0054446668063,66.7745588797167,59.2770195977296,78.4553038873721
"HB07-3073-2","Light",97.0141883070339,61.582075686288,254051.343444711,11.968447565359,16.8518027711692,20.3681717450139,0.240817112298794,13.8210714438857,66.4227492826543,58.7368704938544,81.0231266202968
"HB07-3073-3","Heavy",94.2723690886581,57.349425808791,224299.055634538,12.5858536996305,17.4408926356486,20.2157211262004,0.260621565783087,14.0085747667672,65.3998621588711,60.2032243182331,78.8874227849836
"HB07-3073-3","Light",88.2044102995024,51.8112393930935,208506.571526131,11.5523456198156,16.161913961158,19.3683514265418,0.255469394045728,12.8050728555251,67.5884775057218,54.2988130891971,77.7954328592878
"HB07-3073-6","Heavy",79.3394042064527,84.7440020618115,234396.965019756,14.4808022241431,15.1254177541104,19.1582438631655,0.337666597632032,11.975602148842,68.8560626095246,49.6289278326818,75.9942609327899
"HB07-3073-6","Light",79.6837692691158,58.3210262581684,199360.839772391,14.2922167326595,15.3262539248486,20.3331005130788,0.301514663996822,11.7681239960381,67.8206163921371,49.7097254332012,75.5782444109635
"HB07-3073-8","Heavy",85.3105142016702,42.6436301630428,170265.204138314,14.1254518449519,16.8251647747932,21.796926629601,0.229493231969197,12.9926199308927,64.8502790369505,55.7513751280657,75.7981071367865
"HB07-3073-8","Light",89.8673246194572,64.3606848509772,241218.264472903,13.0891108208613,16.5011227183587,20.8142431170538,0.272371917640256,13.0567222084884,66.3116679069572,55.4645249886805,77.5619437250732
"HB07-3101-2","Light",76.5729849442868,29.0555304232801,144312.99245275,12.5148947926575,15.4017534718626,20.3253790746927,0.183093592908303,11.4964830012105,67.5957387424767,48.5588024668836,73.3879011975794
"HB07-3114-3","Heavy",47.2286354501322,57.4093450839603,150778.496299037,14.7316136343501,12.0512181014502,23.6763728845722,0.34353790891743,8.08111476571277,68.0250212263788,32.9757395981216,64.4698623478958
"HB07-3114-3","Light",52.47203422144,43.9708310976172,124316.976270259,15.2271949435778,11.865793478047,21.917164620365,0.370490930362761,8.22681963320616,69.689987377354,34.1752810142931,67.7126479807284
"HB07-3114-5","Heavy",80.0154108152305,76.7006878685797,242097.092872065,13.73415687776,14.228330647949,30.3368814184274,0.332809058000728,11.7868443146362,60.6308334786956,48.5519481028653,79.2977542700071
"HB07-3114-5","Light",56.2039486527637,52.8728059986479,168394.366334091,13.5803331193475,11.7855756447644,28.8139383818233,0.303869440738557,8.55482723488353,64.1639554467644,35.6004683229785,70.4853245654926
"HB07-3114-8","Heavy",60.0766114976902,38.0095503796065,113955.174465821,14.6806998955664,12.7359769868154,30.7301182247007,0.353259282489132,9.49561595065209,62.1279911099912,38.9317485408089,72.1153422541403
"HB07-3114-8","Light",55.2366863489478,33.8756579695076,90927.2026825372,14.6472532791959,11.9004475401475,28.2881297595832,0.333039330475952,8.4943341466599,64.5943935598218,35.3624797219792,69.3316246454909
"HB07-3114-9","Heavy",49.0742639068748,68.4566157147624,179351.499612124,14.0902068139124,11.6487201791635,24.4353296814496,0.375152421374558,8.14948381070061,67.5428182770482,33.1095886051863,67.0784342655426
"HB07-3114-9","Light",57.4908042321066,58.982304867997,136312.786602152,15.425298556707,12.3663839341155,24.0029520836236,0.459087714305707,8.84297528200679,67.4716064360111,36.884922660564,69.8124636838008
"HB07-3115-7","Heavy",49.6556577833579,53.0269513936849,165785.669181622,14.0900872018649,12.9958123229556,25.3433572012831,0.297415593879961,8.59398924251468,65.5649470852729,35.8841149692194,63.5471297220058
"HB07-3115-7","Light",52.9450539089058,30.8240082203502,98240.7454165299,14.3656993269805,12.6652144254245,21.0170374566972,0.332995142256444,8.51024591243271,69.4149264861689,35.5626983249298,65.2664384152325
"HB07-3261-1","Heavy",90.5052947508982,23.9050837869626,179271.452572622,11.5910386141103,17.9199573746054,19.4843331731947,0.141811632589798,13.8359397275488,66.3726289111651,58.561191727833,74.9229893655709
"HB07-3261-1","Light",69.2822522506846,30.0760624668815,282688.719481987,10.2729165147233,14.9139404837661,18.6896472665019,0.108937830305968,10.6774674825327,69.5264801301156,45.001853604738,70.4196381727338
"HB07-3261-8","Light",59.4503418766766,22.1198539024238,114326.774755196,9.89774361350892,13.1754058125053,21.1574928165526,0.145906465526753,9.24985371405216,69.1665049113552,38.6929599896214,68.4838110784693
"HB07-3329-3","Heavy",77.178444571524,84.9218003838209,164055.150611132,16.2583789987267,15.5101460914364,20.9102996482094,0.533555613240626,11.883892647803,67.5981433383654,49.3360693299907,74.0199842251619
"HB07-3329-3","Light",73.9785098117249,77.2464007202335,188961.616480027,14.5721264940556,14.9290949026066,21.6401122688603,0.415710749376146,11.1248640432841,67.6674131781886,46.9073482502214,73.3319630923394
"HB07-3329-5","Heavy",85.355724969402,32.5533998043589,111836.106890425,14.4612714983732,16.781144678248,15.6300712202662,0.281869733841975,12.9857496546788,70.4192305621559,55.0454284948693,75.4233420775642
"HB07-3329-5","Light",91.4791227357499,35.2764204152418,98934.66270204,14.8266230309008,17.0954659982085,16.9011561103098,0.379279168346751,13.3853293513782,69.3886227672753,57.0117206022148,77.0588569097493
"HB07-3329-8","Heavy",59.2149221443524,68.3519386582812,171832.287131966,16.4207692257978,13.7916839266453,18.2669948339317,0.433922564711391,9.68885794623917,70.7874134134146,40.3874710970531,68.417549759467
"HB07-3329-8","Light",76.2556305297419,46.7494940599292,102339.9026277,15.6251492839796,15.1182215478585,18.5842963083314,0.481202179149806,11.3928260587684,69.7807622460435,48.071953112515,74.1035363711326
"HB07-3452-3","Heavy",65.468459948903,24.2372051342019,194538.114727355,12.1334269405536,14.5346372959364,22.6744082234078,0.131021511234447,10.5114329324059,66.5237248719963,43.8992854992546,70.2894312061273
"HB07-3452-3","Light",58.8919681303113,30.3209114655947,187973.950263149,10.4271055832759,13.4324085310937,22.0278024238367,0.156818486817182,9.28204050862385,67.9717082723556,38.8506774156685,67.9336939830214
"HB07-3452-4","Heavy",87.391252328595,47.6262649496504,243736.242929585,11.2047064701807,16.9235220474864,24.2816986253445,0.201796926714011,13.2572166212539,63.594325904679,55.4383398654054,75.8626107915963
"HB07-3452-4","Light",78.8818623297776,48.5349799707538,278070.978522729,11.0612223645477,15.3570940647882,22.0492175294027,0.176666143514933,11.6982571294528,66.7082311631935,49.418893735363,74.7619180072156
"HO00-06","Heavy",84.3307545777851,65.8000748327185,112404.846000185,17.3807716336608,17.0962767275381,19.8110922572467,0.557823628928607,13.0026537146595,67.1227889893191,54.6445521217638,73.6577124169219
"HO00-06","Light",86.1792679512885,83.942947547269,142420.530999497,17.7801894586937,17.0563660759343,18.9196860969632,0.629278385800891,12.8749834452436,68.1908564774652,54.7886096398496,74.5114443473529
"HO01-008","Heavy",87.2428332944525,126.237348719415,174866.082385973,19.6886868312503,16.9998077240425,15.1276593972399,0.786855558939743,13.2588392338907,70.1911484847269,55.47949219511,75.391776215268
"HO01-008","Light",94.9981855692548,99.9453231831423,143712.40057147,20.4397342622512,17.354855072355,14.6244085208129,0.718944810852805,13.782079432322,70.4195738283087,58.733167627808,78.3912061572227
"HO01-025","Heavy",88.7468121582842,57.6359774164409,95905.249531094,18.4504668918379,17.2560567261675,19.5128167630779,0.578010852238528,13.5002108344597,67.293642588346,55.6475647022272,74.9399117470349
"HO01-025","Light",84.1170306508239,58.6211509799666,119848.736716888,18.2121642544716,16.8353564708174,17.1103671054281,0.510468385755756,12.6177074435203,69.5256880288004,53.6575645506741,73.7769335439185
"HO02-113","Heavy",92.618592390334,65.6156379110408,178132.602587427,14.8115173446331,17.9234938399313,20.9420187181712,0.409431173504458,14.0312890935214,65.105149763121,59.4281664568536,76.1698546345108
"HO02-113","Light",93.5103535645296,80.6163541178728,218127.838137154,15.6250440452324,17.5419025398393,19.2256131274365,0.37870140023628,13.6971541012085,67.0572423972163,58.4311602426649,76.9564156843429
"HO02-144","Heavy",100.450943836941,73.5807341425437,177148.298367786,14.8529198507739,18.0617787807147,17.7641929501966,0.410581221856149,14.7949588271765,67.817484636466,62.8590726634447,79.0904646572583
"HO02-144","Light",86.5018960044876,44.7655588124707,204890.95448603,12.6359014452202,17.0295542876295,21.3571345101447,0.218609213106124,12.8964562180979,66.3191290473719,54.8601708104899,74.7766914046997
"HO02-147","Heavy",87.1931861053694,27.5960914912673,163529.666346294,12.8544224672777,17.2999367465854,19.2480959500883,0.188253244851754,13.3563024307117,67.4112004084477,55.7613446631903,74.3586033242995
"HO02-147","Light",99.1482388573241,37.4278317198509,195945.18164592,12.4818947764757,17.6625787460951,16.6789068809659,0.193602844366564,14.2531859868332,68.9021196942478,60.8129615885865,79.9887802871073
"HO04-547","Light",124.344314255339,74.0159673433336,88699.2424527494,23.8755598751115,20.2485089753666,12.1589480338728,0.960858172646271,17.351767457284,70.2219974882998,74.9710375810714,84.7676777601283
"HO04-847","Heavy",115.709341844831,71.320836853837,66663.3900007469,23.8730820292996,19.6923285357204,11.2827843790989,1.01298050758281,16.688419123133,71.2038663098303,71.1950646234019,82.278428102725
"HO04-847","Light",122.674363058017,72.7013957930345,89710.6033840665,23.806420290496,20.3552159328915,12.1358881772396,0.82796036769003,17.2283910022672,70.1842066505779,74.4834995767051,83.5792679259927
"HO04-9076","Heavy",82.8456221197756,74.7601937462655,164481.812881647,15.8406982488743,16.5354746088807,23.6773519490735,0.47596081515001,12.6852424792933,64.2011828257029,53.5829109581992,74.8342154204781
"HO04-9076","Light",91.245620279104,90.3091301588773,174464.444746069,16.0743465302654,16.5944265059158,23.7583088628713,0.528429345635033,13.2141792960987,64.3780178041875,56.1191263270848,78.5141342920051
"HO05-961","Heavy",105.708668994866,64.5088859400804,80199.5018172335,22.496235539858,18.4712724751889,12.2443519378829,0.845863646838237,15.358931536633,71.3183406317047,65.8589626889331,81.4720992556342
"HO05-961","Light",121.068529138168,54.2962443184159,73549.9428290101,20.7653356789562,19.8376298330243,12.1699726998028,0.77173683947558,16.9305425431768,70.4679182620077,73.0313791683917,84.2242577612319
"HO06-523","Heavy",122.870044438764,88.7201414077371,99229.5893870992,22.3388743302802,19.7158459475208,13.3994866225114,0.922552602931596,17.3576326488753,69.1892612879861,73.8977036021191,85.3033090690416
"HO06-523","Light",130.10360219975,69.5540167756442,83747.8631832497,20.9352268660498,20.4071854333188,14.0114048928611,0.875527605953867,17.9335602144206,68.3411855929157,77.5514683827246,86.8474905588872
"HO06-530","Heavy",107.800727499127,78.829024931233,102382.775324515,23.6283097416295,18.9204907583788,11.9072847267396,0.785516704229887,15.7202570699675,71.3061346328601,66.9135532320831,80.7242859835965
"HO06-530","Light",108.737319660452,54.0421800851728,73532.9809214687,22.044557177054,19.0668095198147,12.7054769024726,0.77847127542478,15.5563804929133,70.7148752372058,66.8278453776182,80.6126598163595
"HO06-563","Heavy",122.396633467402,86.0166036129981,95111.428642243,21.4419598927329,19.9119505417426,13.9405654554435,0.932174633323937,17.3454248137279,68.5708904603472,74.4398915334087,84.9713550712515
"HO06-563","Light",127.357162120207,83.1551121222291,88722.3230298469,23.3380964999885,20.3288802129525,14.1270436825296,0.925193549063589,17.6581062169419,68.3878318837767,76.3443988734291,85.7164715207864
"HO07-3045-11","Light",80.0004258158506,34.0161566924727,107984.742452749,14.0505598751115,15.4673083547516,21.2024932221254,0.322395412401133,11.8346046757295,67.1648440745325,50.0242878940042,75.1751360742613
"HO07-613","Heavy",122.670442110907,71.4241597064222,82630.3031941221,22.7712570329187,19.8490160574886,12.2763658316066,0.809500033969746,17.3395472151027,69.5756948639072,74.9240102357744,85.5693406242193
"HO07-613","Light",123.292621058978,68.8802833317419,81691.1004578235,23.3026707198089,19.6849045802163,12.2035378666119,0.87651972908278,17.0922574172431,70.2817621885834,73.673141140931,85.6756346190897
"HO07-617","Heavy",112.689445458673,89.4761740925497,124309.358941987,20.1614129323697,19.1079174336791,11.9893199691165,0.738338962556103,16.2311728107899,70.9758736789434,68.8298025776712,82.3482403693763
"HO07-617","Light",127.348150553689,54.6937942626945,81221.2468439291,21.776510151935,20.5661872532423,12.3131026401983,0.720789596457482,17.7244426778941,69.6131923906582,76.6962426297914,85.1598946622832
"HO07-9017","Heavy",75.30132406799,66.083828298025,185303.770928956,17.0485961016117,16.5225813728323,23.6654646018212,0.377793704460908,12.0036118710908,64.6869457627906,50.5699518879698,70.6129510282649
"HO07-9017","Light",67.7007741445895,77.4919416795761,191447.817713897,17.4653343039746,14.9090495840501,24.0214758262895,0.414773762266363,10.5331182089631,65.7464083726666,44.4349980821408,68.9303960973127
"HO07-9027","Heavy",63.276596699858,46.9183292785281,135393.273105789,16.6625700254873,16.1196313560228,25.6726353553047,0.464262705385681,10.7548142011951,63.1209162445947,45.5930025334211,64.610047221638
"HO07-9027","Light",83.2018212326992,74.3250488771461,146276.770048237,16.1862768931934,16.5157922428628,24.0654440436362,0.495202175493692,12.4422343633065,64.3313612654181,52.858545646392,73.9748987560097
"HO08-709","Heavy",119.320827052045,76.388153549187,114362.395232916,19.9021576096658,19.916936500653,13.8369777312047,0.697095442417279,17.0982473511099,69.0200932755229,72.4601184993635,82.9642463671737
"HO08-709","Light",119.437215254017,51.9655468691772,74773.1300007715,20.5729639646808,19.6740116754375,13.6161463592405,0.74226192534045,16.7282251005167,69.5018329604552,72.0808970919149,83.9984053232336
"HO08-711","Heavy",111.013526604753,56.7045056001607,86394.6569150436,22.8189104057843,18.7674269636424,10.7666753707127,0.652316420969107,15.9606168570249,72.2380404791929,68.1774150970305,82.8000554826944
"HO08-711","Light",113.388572157761,39.7421768213147,66465.0379964211,22.1404784081204,18.8547143756869,11.059350050369,0.637920789489671,15.929018085165,72.1074420042423,68.3931781922201,83.2577552857575
"HO08-717","Heavy",116.059937101852,36.2610970899792,51711.3444352702,18.4417387859373,18.5871624458779,13.1512618562039,0.609817703977287,16.3625266039266,70.4552651548593,69.8140712862437,85.6598695352225
"HO08-717","Light",120.438932425214,57.9714867949907,91262.8848121681,20.2211204005513,19.1535168610066,12.3273209022951,0.647960208249374,16.6719738845444,70.9374323907309,71.654211694376,85.9612491771849
"HO08-9003","Heavy",96.2192675581638,66.195822415363,135468.58865179,15.9698976617992,17.2283611721735,19.0077990639632,0.49314994113566,14.1597700194476,67.2228648509952,59.2149726484956,79.391447293144
"HO08-9003","Light",86.6660656596283,96.0431798199262,201619.884826754,15.5211443929515,15.9514959437523,19.6104720929703,0.499653176108323,12.5989880132212,67.9260492118105,53.3619848261024,77.8637039499683
"HO09-822","Heavy",125.975032873244,120.081428605209,133908.539089964,23.1215008596491,19.8506251423931,14.1491196286207,0.942683269166197,17.6644030001509,68.7412675880949,75.8243811192632,86.7358323044799
"HO09-822","Light",116.096592100897,50.126831971949,67066.5734047122,21.1077165218754,19.026032238071,14.0160622439591,0.718553648114055,16.2314883059273,69.8293519807361,69.7732354383206,83.932622061955
"HO09-824","Heavy",133.950143342197,109.160776003924,143634.058871197,20.577947509584,20.3852199908476,14.0154147146302,0.679028682779795,18.5743742945671,67.9000489433627,79.5407889174171,88.5683188291297
"HO09-824","Light",130.24539999949,56.3739618379316,83265.9079592711,20.392997777683,19.9996915129372,14.9385609830272,0.733719406965874,17.8294019211718,68.0569742744583,76.9536004108292,88.0131524049216
"HO09-825","Heavy",121.367270563703,75.206449995956,121124.698131694,21.0032595343033,19.5380257355999,11.5557645853523,0.621929282110108,17.1695578024848,70.7383308862728,73.0550754376419,85.0246008784623
"HO09-825","Light",127.816688447504,68.4816366609935,113971.089611086,20.3967739255638,20.1721732355299,12.7606437892798,0.688641053859051,17.6529168254385,69.5312859504759,76.233045428472,86.5610837303843
"HO09-827","Heavy",109.486235646543,50.6570260247928,87250.0599209446,20.3356173294442,18.6360566937999,12.0403472137705,0.583371780968505,15.7920924811297,71.4672459249857,67.0714029786938,82.200966013917
"HO09-827","Light",118.728450763341,62.3821146619005,116792.555564067,20.2267814505432,19.1747334755852,11.606357713134,0.586380508202075,16.5177741736144,71.5634475843691,70.9911271553261,85.1411622065622
"HO09-831","Heavy",127.210676216805,55.4775761721309,60759.1027544958,23.9584460377889,20.7411952854593,12.6187077743747,0.898901361732963,18.0373477025216,69.1053935937311,77.7549453849437,84.8086233116095
"HO09-831","Light",124.108845845592,57.3965673764719,63114.3256495546,23.6308446849003,20.051816417331,12.7301507045578,0.928487252833991,17.2747234788755,69.8578026057424,74.5723427794216,85.0865901199419
"HO09-840","Heavy",114.70092381503,53.6290537751382,85606.1318727847,20.792731986593,19.3413690363719,13.6164960982732,0.617593699523918,16.4892667023042,69.5792090089065,70.0903553949736,82.6565749813198
"HO09-840","Light",113.471900244449,65.1725243385788,129080.327467397,18.0100620045926,18.8688543009718,15.2289824703116,0.522353019721406,15.9404011994708,68.6922350257287,68.4160352120803,83.5213594896322
"HO09-841","Heavy",116.659798652903,61.6628468763358,88098.7175014816,22.9361087734618,19.564884943242,12.8449307366769,0.700456543651911,16.7169238317741,69.8395848097893,71.6267446826655,83.2762358855512
"HO09-841","Light",122.899106819883,60.3199492187055,87507.9832111769,21.3678493035478,19.9922815715232,12.8915074822665,0.653977361953014,17.1429353405904,69.731677584985,73.9773024192403,84.6702279851537
"HO09-9151","Heavy",101.171717105208,43.3073148383107,215223.331403978,12.49311347254,17.7411047289107,16.7274456267816,0.204896115655839,14.7517152843668,68.1850197085499,62.4276537838182,80.8380940415528
"HO09-9151","Light",94.2380308204177,23.2865969172911,95413.3109264805,12.4558588539444,16.7940179503109,16.6990066556106,0.240486849859282,13.5512474545047,69.4126477536092,57.6253073367435,79.5044703267361
"HO10-199","Heavy",118.331286126084,109.307470146233,114189.22449209,22.4938699546007,19.7085234741089,13.7166108871201,0.939346080764886,16.9149582846968,68.9735779093535,72.5198256627393,83.6603529750504
"HO10-199","Light",122.154449299011,65.9935901551885,85441.1323939908,21.8334592584387,19.7752810317694,13.4439983748619,0.834239114219726,17.0119060834503,69.480005027934,73.3315525976358,84.9559651772786
"HO10-919","Light",124.133316093418,56.1073973457358,69862.4924527494,23.5005598751115,20.1418519764151,13.5069718985937,0.916680165776479,17.3072438148757,69.0281699109269,74.7097335318028,85.0749198768472
"HO10-9235","Heavy",97.4034370474719,52.5230975703005,162312.81038418,13.3099640494196,17.9809874324371,22.008774856088,0.290883586908213,14.4605360365719,64.4215389034239,61.390193022737,78.1071978802261
"HO10-9235","Light",105.345036608803,73.6039899756832,193160.440341816,16.0677325990355,18.1559489640135,19.93735389546,0.410293608988281,14.9792731318794,66.0177140175217,64.0778928908521,81.3830941949762
"HO10-9246","Heavy",91.4954867888118,112.564382852471,166988.63687131,18.7296073250223,16.3193938118675,18.0495523446864,0.71665268218711,13.4518161780934,68.6193948347636,56.2429453697873,79.7582213107584
"HO10-9246","Light",95.3057217993579,107.488232195782,155634.93670054,18.3026170548858,16.4546467971703,18.4288882132694,0.739582401736107,13.5489533891535,68.4053421681312,57.4871903516314,81.302646403074
"HO10-9406","Light",96.5752628428392,126.362107327248,152834.242452749,19.3755598751115,16.3729424878666,18.7504353438729,0.881007015844187,13.6432397122839,68.1700291007997,57.8981024735713,82.0324847951282
"HO11-515","Heavy",132.932723753069,77.7372766290507,99084.7888650807,20.3234813547944,20.901628432653,13.4555448626481,0.810885223932911,18.6294772149059,68.0861361189976,80.0352949195135,86.6341081771058
"HO11-515","Light",131.276974306024,67.0132155933112,86088.8259297182,22.1731571679533,20.7114838618834,13.0447791356252,0.813551891129886,18.1315438608528,68.8291856472351,78.5290243031491,86.5005738024853
"HO11-519","Heavy",121.428091387992,94.633822842072,113934.335946803,21.1798656782258,19.8633559640609,12.3126096082699,0.867464427318786,17.2568632197538,69.9178002653909,73.7423640474446,84.4241270775378
"HO11-519","Light",126.204971168806,82.7471462775063,107809.649099545,20.7632204291527,20.2831583552367,13.0029674310704,0.830382740038747,17.5351772310945,69.4094989552482,75.7788560603383,85.3911703578992
"HO11-528","Heavy",124.041266518997,43.172748752012,56009.2670076338,24.2736128386486,20.2606339196269,12.864778760572,0.723294259614357,17.6169034258936,69.1730424529034,75.353010893515,84.4735032210001
"HO11-528","Light",118.975120607944,41.1035434105143,54886.4455070235,23.684922794709,19.6678149016617,12.5090089989606,0.761119965519418,16.6840248816129,70.2259108198403,71.886722633013,83.8067956128654
"HO11-532","Heavy",122.910963626271,82.7698907373355,94576.6192013879,23.0400932987201,20.0747961957374,13.4831047715581,0.893272395081396,17.4599957507395,68.9018824691375,74.7669117278703,84.5611764544432
"HO11-532","Light",130.417424832961,62.1888022972088,89664.7953194598,20.4724176635257,20.6827416494607,13.76713605895,0.741283365699998,18.0420251122537,68.2833228590342,78.1275693904994,86.1808842677043
"HO11-573","Heavy",135.164724498232,66.1852907970055,92138.0081388615,22.6595289997333,21.9113130983428,13.070794404273,0.691992382279092,19.1331331484755,67.8261763608242,82.6258671409529,84.9165348021725
"HO11-573","Light",137.795637662925,57.5301366601478,77138.2550605794,21.7089409531348,21.7412590519772,12.9844422744808,0.772506155893033,19.0370787453593,68.1379061453337,82.8710718490576,86.5444058199822
"HO12-615","Heavy",123.795101312465,90.5592127762656,146169.801609063,21.2122748729102,19.8371653740387,13.1737094613273,0.598638039676127,17.4684428663288,69.1376379964584,74.9619429545398,86.0417374055178
"HO12-615","Light",129.957238878173,67.6167253632817,115407.678435669,19.3419046687818,20.3994028928024,13.6665772560915,0.625166128075086,17.9182664945699,68.5231394763237,77.4878361898064,86.7579887781539
"HO12-629","Heavy",116.54479158094,39.9358532825181,62622.9439530773,22.7556086279814,19.7475426792467,12.6590402363273,0.670801259954001,16.7569838941321,69.8151387222101,71.9207481241532,82.7319421402034
"HO12-629","Light",120.836757272347,78.8653658603368,100509.143548856,23.6772545323537,19.660112746794,12.9750053740099,0.839218804886978,16.8551508569279,69.830730277456,72.6543332820797,84.5296625731269
"HO12-630","Heavy",116.72734806404,79.8055914593448,80340.0210500945,23.4172309028165,19.7268045396036,11.9490877150222,1.00007400625957,16.7370511809624,70.2683714034912,72.6020710769897,83.3019964302026
"HO12-630","Light",120.600428109605,63.1714285297162,69904.6299776901,22.8614307644619,19.8731902458694,13.9477673509068,0.910287586322284,16.8985643369282,68.9872670591238,73.0312410183785,83.2791662061115
"HO14-9273","Heavy",112.240221746946,111.379780365869,101102.843082357,22.5977484357267,19.1127405677615,17.6359178642042,1.07396050283265,16.1789686853855,66.3989967957189,69.1794393309151,82.3074141370584
"HO14-9273","Light",118.509277068997,90.2603248607221,113097.241546318,20.9065948521787,19.4594086245539,16.4831525615685,0.858059729487177,16.5804076984387,67.3247438334873,71.3688704098524,84.1385764914563
"HO15-9360","Heavy",120.227238585661,82.3106866495722,135586.716108767,18.3878738772709,19.2115513460169,14.5180040427521,0.652301082881611,16.9528158824921,68.6086838034261,72.2996852612105,85.8201154921147
"HO15-9360","Light",123.228265592474,48.0308144307606,95041.8960812638,17.4251271001056,19.5864811971842,15.0871397585662,0.550775166168997,17.0569355159308,68.1406882751209,73.4724929791718,86.0141360881695
"HO16-9003","Heavy",105.361088155012,50.7887958165895,120830.759333351,18.1713063637916,18.2027006000294,19.4115982076851,0.437787384364726,15.2997693268644,66.2849005504318,64.5632309962012,81.3763530969874
"HO16-9003","Light",101.552443489882,79.1229639970083,195525.552420419,15.6893057027852,17.6998394954734,20.4213490071273,0.423431816904783,14.4889842975959,65.9019117591042,61.8292708136159,80.9116490713263
"HO89-889","Heavy",121.268097070881,68.1261424554876,85743.5705523801,23.6560062520227,20.324312389517,12.8276843540574,0.792336086455881,17.3702949593696,69.3493534810546,74.6044541151532,83.2164774997804
"Ho89-889","Light",137.323964373589,54.2623966342907,74347.4924527494,22.7708963769535,21.8219654018678,13.4843251317515,0.798588024335932,19.0184394826394,67.6749639659255,82.7832131723322,86.3317099579226
"HO89-889","Light",127.07268283132,69.0839736968794,91232.4980755964,19.932287767363,20.6580282076888,13.6927299412062,0.830829425907593,17.7233500606084,68.5594745318616,76.751515051252,84.6839661623935
"HO95-988","Heavy",124.714660219039,86.0624779896517,85530.3548218934,24.217259982643,19.9726191344051,12.1221665483185,1.00019083771943,17.6010506129025,69.8710659123504,75.1514945039098,85.5177171781114
"HO95-988","Light",128.235386050082,68.8640749009698,89936.0132613674,24.4090042716731,20.343007983265,12.1161120338516,0.848856491729353,17.7409151222401,69.7248867592241,76.6830243740633,86.196019316837
"HOCP00-930","Heavy",116.743018792956,51.7844230425665,86947.2492148232,20.4522880225309,19.4437324448804,13.1408905148332,0.637694413754213,16.7019332724408,69.9566156476213,71.1589474837312,83.4436084877613
"HOCP00-930","Light",120.971437597652,63.0675292568224,107151.555466424,21.5785222405714,19.7848436912002,12.8938842134978,0.637061746267952,16.9038797852825,70.0413521035372,72.8641978926642,84.4280354008484
"HOCP00-950","Heavy",130.684501407535,58.5241757582543,67243.5548751045,23.397196296899,21.3070445934598,12.0144150161456,0.806307231918755,18.5509084528385,69.1687085067962,79.5876230848396,84.4411101253223
"HOCP00-950","Light",132.279752435226,62.342637590625,81842.9480590617,22.7320903118358,21.2588482000003,12.0759419772155,0.739139327940291,18.3834623695088,69.125937327439,79.8196385462454,85.4695808902214
"HOCP01-517","Heavy",128.971151571097,64.5782377429091,63225.9016692328,24.8200346188042,20.3902791864456,11.515602247715,1.12276966180188,18.1229081390235,70.0524594152677,77.3930223307057,86.1755810822024
"HoCP01-517","Light",132.994270023589,65.3500085265708,70759.9924527494,23.0375630444535,20.9039989418679,11.8974314817515,0.991364781585933,18.3490768276394,69.6698446459254,79.4968095148323,86.9584009754227
"HOCP01-517","Light",127.821287272513,70.5697710353728,79477.1574047872,22.9733758611893,20.4450548325397,11.4423861080963,0.951933714830999,17.7308765995497,70.3629965170783,76.6875084364164,85.6534401844825
"HOCP01-523","Heavy",122.54820220125,142.816027731453,177434.943067278,20.3637761036751,20.1256755956631,14.4324435986243,0.865822876015413,17.4411845696106,68.2860485041609,74.6093057607538,84.2133385217259
"HOCP01-523","Light",126.626674256784,88.8140730581137,110050.897440283,20.8706725810982,20.5115043551369,13.1053809781182,0.867505511156824,17.6408052703126,69.1594083829704,76.3125683793872,84.9624529124095
"HOCP02-610","Heavy",114.603526570098,90.3452758960031,114361.338322252,21.0012628686155,19.2810667451222,13.476471893014,0.855319744776099,16.4517000919424,69.6574607231913,70.1044175636633,82.945186777246
"HOCP02-610","Light",120.8628501601,95.1187595068924,106535.530549027,21.6674147045908,19.6238399494968,13.2488610144253,0.954167453426648,16.8470249005008,69.7517375024651,72.5679621137715,84.8229261823385
"HOCP02-618","Heavy",123.253055557078,59.6259034969995,102230.019600818,20.0153531413994,19.385370130878,13.2278740655375,0.591944539482654,17.2833191432386,69.6831570056687,73.754554994229,86.7107990011045
"HOCP02-618","Light",124.016054955879,41.9792805063352,71612.7005955836,19.6930266927655,19.5705391897755,12.4858795238846,0.571751231979452,17.1275821913603,70.2746308793498,73.7525904699116,86.4886328766883
"HOCP02-623","Heavy",132.185326194747,123.109057646355,166333.187736444,19.3540106397891,19.9808031693518,14.6579336088344,0.808915176051476,18.3165698610385,68.0286447092044,77.3217653428239,88.3713606208243
"HOCP02-623","Light",127.635105634424,38.6303017277133,66826.4546358899,19.6000086999578,20.1681337447354,13.7985984948501,0.5935184737985,17.6349556226831,68.6842145581029,76.1629082199919,86.4002090777786
"HOCP04-838","Heavy",130.644681844344,67.0383428917119,98056.1982610796,21.1864225898394,21.1695773542355,13.5623063764475,0.709559081393515,18.4884800897807,67.7790944831129,79.8637637046645,85.1550950270498
"HOCP04-838","Light",129.178217785894,76.7633274649993,114724.989651928,20.6517935211541,20.6450625477609,13.6966784198482,0.684606797650211,17.9180298407863,68.3256215760386,77.5709820188679,85.7377607591542
"HOCP04-852","Heavy",99.0969929273958,71.3369777833147,69712.0181006211,24.7900386605316,17.8008507024642,11.4339710596102,1.06831258198476,14.5888627163252,72.6176603226009,61.5204298997204,79.3922967466113
"HOCP04-852","Light",103.367085851101,56.9999813761506,56337.2339489169,25.3567285574257,18.0494076468988,11.7753278957773,1.05990113557449,14.761794054004,72.4161706782207,63.1116180350735,80.7509656221714
"HOCP05-918","Heavy",124.60226031714,59.8943587176065,88390.4565525644,23.8768515218053,20.1118928373179,12.2951496919225,0.679410971702626,17.6302095670093,69.8504740922064,75.4261530337994,85.1645457704311
"HoCP05-918","Light",130.350837348589,36.7229501850656,61789.7424527494,22.4958963769535,20.7308887443679,12.2322308642515,0.564231966502598,18.0529393101394,69.7192220859254,78.1519723273323,86.2699251379226
"HOCP05-918","Light",127.663575137052,71.4643290821199,93425.5493902412,23.566283733536,20.3757429280523,12.1896905811678,0.784841833242042,17.6969243741784,69.9291689760376,76.5125491553176,85.7822706345878
"HOCP09-803","Heavy",134.433712678689,63.8596472112439,112722.088770791,19.7163158126706,21.6787229798091,14.1393346676035,0.51782177173479,18.9843027670495,67.113516711973,82.0223846860072,85.2736666047199
"HOCP09-803","Light",134.475571752814,32.1353803349162,66146.3006131369,19.2970922059487,21.5361698485604,12.5300797602655,0.512658836287284,18.6710605874731,68.5573445329712,81.1853887937644,85.8433844946443
"HOCP09-810","Heavy",123.15367515098,64.086850540476,95653.4945767222,19.7462002249957,20.1841537018422,12.9168262778758,0.647168969698485,17.5101522251227,69.2438805308705,74.8586681657758,84.2959694562793
"HOCP09-810","Light",120.24925937726,50.663223699608,66031.3745301538,21.3758898426679,19.5654366294501,12.4174741687939,0.767905967364644,16.7749743534473,70.4605326113945,72.2203799229746,84.8731638695322
"HOCP09-814","Heavy",125.095926611744,105.781678245427,90344.0112027489,23.1065187131442,19.9102238659445,11.5852419992323,1.18051177771689,17.6150597252857,70.1204728947516,75.1563516785945,85.9283813141955
"HOCP09-814","Light",128.21075455859,65.3466107428405,67813.4373993544,23.8813824517113,20.1838257326027,11.4048618778303,1.04279238857461,17.6938117738882,70.4144773141254,76.4194144352037,86.6249427527497
"HOCP10-917","Heavy",124.868724359282,85.7807049833634,93602.7956271019,22.8756932796932,19.9321626005642,12.0228234299395,0.822389324032078,17.6068468742345,69.950873136786,75.0855302165671,85.6837533252239
"HoCP10-917","Light",142.106938673589,70.7199893716698,102602.492452749,21.5792297094535,21.6149799268679,11.9799605467515,0.711649486752599,19.4031315026394,68.8822118934254,84.3635163623323,88.9351988879225
"HOCP10-917","Light",130.783400327568,96.0897829430578,122707.026471638,21.6650486106693,20.911783353363,12.24192101199,0.829477899478437,18.1428483094577,69.3245361412114,78.6466135370997,85.6967816748153
"HOCP11-536","Heavy",127.806060701226,44.7568259024139,81104.8922017718,20.8392196128831,19.938768270155,13.5360900270575,0.583829244219471,17.8933758002967,69.1321947836147,76.018800331757,86.8207877789957
"HOCP11-536","Light",130.612415281765,59.9836028326485,98129.6044751033,19.99200236962,20.5572465229471,13.6058637808466,0.626675321829633,18.0243563071602,68.6424901912202,77.9904146584989,86.6692827570093
"HOCP12-640","Heavy",118.247191542402,71.089107175537,87210.9777610932,24.4591721292657,19.9139951260744,12.551246021254,0.835839884128385,16.9745791524469,69.5844449522473,72.6590058669581,82.9143133357452
"HOCP12-640","Light",126.873555656132,62.0769554561675,86463.1829543612,22.6379078366912,20.5236233981799,12.1671714216559,0.728462112016176,17.667349225011,69.6150816907474,76.4314844714121,85.0613499286262
"HOCP12-667","Heavy",132.939905229344,59.4392203546832,75849.904809375,25.6205607057746,20.7157585008373,12.7645076128916,0.83809142037672,18.580522827347,68.7134222509143,79.5783919958514,87.1064873801976
"HOCP12-667","Light",130.796223780368,63.0386042807213,80477.1176388031,22.1115409464832,20.5274132543364,13.2979852517196,0.819714419853916,18.0330819129514,68.7737775154034,78.0253561378981,86.8324380654089
"HOCP13-723","Heavy",122.135356366992,46.1514398916388,76347.5600557709,23.1276483069763,19.7370194107087,11.3496679558908,0.607612029480668,17.288718468677,70.6468123373524,73.8223788945137,85.1672685569643
"HOCP13-723","Light",135.56029981128,53.8903739107595,83423.0920726307,24.5432941694172,20.9778112668819,11.0175465657708,0.685587383528696,18.6069738247901,70.1489014644951,80.6786999655949,87.6420269816201
"HOCP13-755","Heavy",128.622282013186,59.653584763743,103051.491374444,21.6645574196672,20.3156884013329,12.1496678631445,0.626632343435435,18.0534056299503,69.6717748938254,77.5327826667558,86.5359093334548
"HOCP13-755","Light",132.046217896807,49.7195438753,92417.8327945618,21.5882412635505,20.5340119255198,11.5182095709964,0.573015162213055,18.1519851255318,70.1836931276497,78.5390579860464,87.3209957292925
"HOCP82-089","Light",129.762692217839,61.0876870634348,90941.7424527494,20.7172265426115,20.7587190103666,12.6008053713729,0.733117003542104,18.003916512284,69.0674274782998,77.9576994910714,85.8814564001284
"HOCP85-845","Heavy",107.098014859466,64.4622765894105,67775.1323091282,22.9380503592182,18.8094622019591,13.7137490971092,0.922824542527619,15.6028060615133,69.908478516762,66.5639318459411,80.9104738305056
"HOCP85-845","Light",120.27907821272,70.1270578056643,76560.99494171,23.515986665931,19.9081363466955,13.8919830567034,0.917639000106966,16.8760705197197,69.1864448907242,72.8075600324951,83.6968834105102
"HOCP89-846","Heavy",121.712108893566,47.1543207174859,60078.7090569378,22.3430407254726,19.3621765978973,12.1764660381537,0.83487976912884,17.1474350774858,70.2752954534204,72.8742620090741,85.8746438822163
"HOCP89-846","Light",116.526006121586,33.4980600190625,47316.1226805885,22.5037780667748,19.4057524222249,12.4771284602835,0.847254287042388,16.3797861150324,70.3989242861333,70.4834243485687,83.3494037525888
"HOCP91-552","Heavy",119.395112112927,68.9402146545052,103179.527131668,21.1005971784613,20.0892885031671,13.5090090585832,0.670141862543463,17.1311562656899,68.9086200824022,73.5512415381916,83.0808731350946
"HOCP91-552","Light",120.536590825321,82.2238300577611,113265.096739695,21.1906442667356,19.8359507953361,14.4069418155389,0.75779727725755,16.8785713351583,68.7336924602598,72.7821656035767,84.0213706569607
"HOCP92-618","Heavy",123.098611869256,62.3675037634111,85077.3032750366,20.49803970883,20.5592320429349,13.8198771898725,0.760853193405276,17.6125764790128,68.3951573937528,75.5839439637535,83.3409347394749
"HOCP92-618","Light",134.806338516788,65.4144030701407,79107.4928976916,21.7316464831951,21.6696609558989,14.2976145537739,0.905542646896278,18.7382231637394,67.2342811362106,81.542484669877,85.4248631147088
"HOCP92-624","Heavy",122.642693387236,39.0007026748744,47593.0614139372,23.8278457486422,20.2828921283643,13.5883786803975,0.806145374011081,17.5121074999961,68.689769002739,74.5163006889625,83.5376246263869
"HOCP92-624","Light",117.968335918091,55.1477163833146,59281.3810871249,24.004899670071,19.7728128873863,12.9383855641256,0.936581652425514,16.6199387536072,69.7044681530032,71.6516663970528,83.0172778438057
"HOCP92-648","Heavy",119.721341409342,51.7970994120129,55173.3646961416,25.2325703934885,19.782883182309,12.1180557081326,0.801650084602617,17.0924485077641,70.2534332884784,72.9010612318909,83.9657384624582
"HOCP92-648","Light",120.475525246507,79.9208276104959,93895.5716299192,24.7340787401504,19.9723979268901,11.9343988393538,0.889727380857988,16.9120152762089,70.4506914467558,72.9731390375037,83.6538016286941
"HOCP95-951","Heavy",125.861622901376,53.6776738067762,64601.817577482,18.9792772635253,20.4188538188336,15.8643351205592,0.732393867446275,17.844046802373,66.9460354605491,76.1725375229877,84.7871186824826
"HOCP95-951","Light",125.508409824951,60.6597899395484,95006.9130238578,18.2074395950715,20.4570847133018,16.114765591877,0.633770005590793,17.5207549250993,66.9048473947165,75.7840341068699,84.6445095647178
"HOCP96-540","Heavy",127.226248880744,81.3197977673812,79006.2985171716,23.5055628955226,20.346051746967,11.944156024882,0.969089413447174,17.9503105237437,69.8009194756098,76.5719883750893,85.4885081954062
"HOCP96-540","Light",127.266397329019,76.0600412778449,92622.6785749336,22.2581310289015,20.0937952836332,12.6277034506078,0.855529279455516,17.5784803895368,69.7286371412712,75.8934547443096,86.4611503253478
"HOCP96-561","Heavy",126.012645435508,56.181294396526,89578.8359586549,22.3734401687671,20.1591091090564,11.9197217726375,0.664689932835166,17.7655135170436,69.9847506735546,76.2797274927762,85.8133801722632
"HOCP96-561","Light",127.393088871533,72.9220921471753,92295.1065218538,22.3040335310996,19.9848486396095,12.2766782326091,0.835079530380019,17.5598606128035,70.0689177992058,75.7734337177031,86.7905143818923
"HOCP97-609","Heavy",126.768299965866,48.955421038697,33314.0502682889,23.1223045770875,20.5149715356384,12.7011730399088,1.02861832231845,17.9222241609647,68.9210023742506,77.1596707572339,84.9102959255405
"HOCP97-609","Light",128.791940277296,73.2424816943825,97851.1999145802,22.1874994481186,20.5777000281823,12.7560452045363,0.789855608224142,17.8627575655976,69.1187783358333,77.3065059894898,85.7989919783825
"HOL08-723","Heavy",123.455845705128,53.8898028234235,79355.9479347772,21.166326636683,19.8887693325203,12.3163115858278,0.720391204694092,17.4457841677875,69.7533500542391,74.7846065194739,85.1918890697205
"HOL08-723","Light",113.663380988312,60.6818201280301,86035.458507332,20.2043360547994,19.0702988768803,12.2605565905089,0.7523483591218,16.0163777125938,70.8786186375779,68.8175171246821,82.9260912019395
"IN8468","Heavy",102.088446135936,101.885623852252,126377.886918857,21.1884084728162,18.4073392735961,16.9910073460495,0.844148344289766,15.0099132384158,67.6891154435131,64.0982629324232,79.6967831473492
"IN8468","Light",118.465924404621,75.376980188451,105575.775556927,21.3623348365666,19.9674468560888,14.0974521184322,0.743935279693914,16.7249939842305,68.7969406958588,72.1798044847158,82.6702704711786
"IS76184","Heavy",59.3877580770339,33.4646088815887,98299.7169528395,17.1033283785676,14.4169561326473,21.9719644929796,0.311490308920308,9.90123937001862,67.6464376704498,40.9977187716942,66.5349074734731
"IS76184","Light",71.7692041375198,53.2839965096017,115923.182412535,15.9329950658954,14.7722510408333,22.7356777118107,0.447717324999738,10.8693294277317,66.7397795194873,45.7785405196016,72.442653142661
"KALARI","Heavy",62.3546631347447,67.1158462548478,153965.592335299,16.011463663349,15.2710854645057,26.0952178030955,0.445896811627546,10.4394638275678,63.8969113149776,42.8501222145667,65.6075875731118
"KALARI","Light",76.6280104549202,50.3428585076365,141315.303690677,15.56586043131,15.7066418699648,24.1282205198253,0.348775693201405,11.5908303036634,65.1521147503235,49.032663492985,72.5682800958856
"KERAH 73","Light",72.595562561151,42.021527267418,177311.093811046,14.1493875428897,15.4977995247342,18.5202436142603,0.281695188770232,11.1583817067647,69.7233902657905,47.555329160028,66.7756268367758
"KETARI","Heavy",73.5374437701165,37.8164539780556,62538.7059898864,19.0342075856709,15.5511640669345,12.4199160453953,0.530454024890607,11.550560406642,73.9809296489025,48.5893056137914,72.130218578588
"KETARI","Light",77.8031659737359,30.5003594903991,64821.0801968205,18.9632749282265,15.9725677209465,12.8178839010968,0.43693139833577,11.7764072465173,73.4663922186716,49.8432863255094,72.7758843605879
"KHAQZI","Light",73.7995253566434,20.6371144998611,57753.3674527495,16.0065614585325,15.1249832080195,15.7327729408604,0.346972560032074,11.157075079343,71.801558850107,47.0800468927223,72.5029120132301
"KT 730","Light",95.4329135032374,24.9189638520946,38252.8398679657,20.2288500562878,17.1588732506655,14.265290453851,0.587652191623057,13.7738974225695,71.4128681119051,58.8127080564276,78.8079518493358
"L01-283","Heavy",119.35994544145,94.2255409311854,129974.161923154,21.0737944990548,19.9101278352164,12.8191046408558,0.770873093429499,17.084882698643,69.3917209817304,72.8721591532989,83.2289210745352
"L01-283","Light",129.786775096034,90.5664632371379,123888.773489916,21.3807613937518,20.7536042323002,12.902880239705,0.77436968634934,18.0049698705938,69.0720810158494,77.9975632451382,85.6974611474508
"L01-299","Heavy",129.00599139255,68.7638860806943,91821.2583182924,20.8434128974254,20.4807137263233,13.3525322594965,0.786762923223162,18.1869103717278,68.7040894305844,77.062706014314,85.5054509306056
"L01-299","Light",123.423477732722,63.8479185824453,96397.2709361351,20.1123124016256,19.8481836505653,13.130126561836,0.704466791301322,17.1465869508989,69.5807354473799,73.9508466324121,85.4127359027815
"L01-315","Heavy",122.270838931092,44.4257849021194,95970.7375675117,16.9488086415652,19.5391996099817,14.3004672797978,0.446784391503512,17.2354862079049,68.8766237750291,73.786947736197,85.8865840543488
"L01-315","Light",118.80075011773,39.6787849074522,78460.4870115486,19.0613457979067,19.2240394571618,13.2965261739669,0.530884493352911,16.5396040488427,70.1332598154367,71.1171907648585,84.9296953854195
"L05-448","Heavy",129.341631930685,71.1678754485124,124291.449274837,20.7710476273926,20.5864870306402,13.2548572172492,0.602707308056705,18.2125205680592,68.5955512414534,77.9041501325608,85.8476629868185
"L05-448","Light",120.3410567292,78.7917372152565,98648.693238811,22.4855307812582,19.7230162890249,12.745488706043,0.865169681978394,16.8271996921553,70.0136020591946,72.5115390504719,84.2949180643089
"L05-457","Heavy",122.865230790178,63.8244932984052,86942.6764471815,19.1164336071885,19.7097401825779,13.9173655644907,0.711001238283169,17.3334938823635,68.8865456252523,74.3689521074093,85.8666694518868
"L05-457","Light",133.79444800176,64.1790113384429,99852.4135874056,19.5855122403007,20.8440465489027,13.4986966844688,0.690895737074416,18.4045969452126,68.4096311064944,79.7600247732812,87.2490276406781
"L05-466","Heavy",116.443240983621,72.2310047297694,104449.914336411,19.7153259108176,19.0333753607767,16.1433897885886,0.678390637980671,16.5495583473521,67.9778090475094,70.484746945847,84.530528287964
"L05-466","Light",127.16383056386,49.4632730582107,80901.8848780542,20.5353942681138,20.1623940237848,15.3953273362823,0.647841325820461,17.5923398553257,67.8929624519631,75.966619490738,86.2698320060922
"L06-001","Heavy",126.404588169697,81.0509864876426,91366.8768681247,24.3510854318548,20.657600728659,10.8541086135419,0.981941191758012,17.9645624179541,70.3378351851184,76.7689828299307,84.2465252489578
"L06-001","Light",136.898921558993,64.4696615749858,82638.3588012728,23.0930787848399,21.3474891831896,12.0003425069995,0.871224768492427,18.8372153557725,68.9932585989783,81.8272752760193,87.2208608784939
"L06-038","Heavy",122.093908370785,70.6494940014093,71287.3573265422,22.293809888304,19.9050150538301,12.7870749110226,0.945831533624175,17.3092007533898,69.431105306252,74.3700226908466,84.892765352454
"L06-038","Light",120.910766252793,59.5962018753498,71998.516519253,21.1372283655457,19.8208912044876,12.0514051893521,0.848763542048787,16.9110526005618,70.3456911989479,72.9366214228432,84.1777335120018
"L06-040","Heavy",115.753274222261,93.9807655524893,123321.61120983,24.0416851180286,19.3777599078536,14.6256124875365,0.753323505268202,16.576932860734,68.8350935338079,70.8361370991037,83.3288778034354
"L06-040","Light",127.372968541369,81.3730291929596,98894.1206685451,23.9171650366107,20.4297602846357,14.329561743218,0.862973243663373,17.6872686572426,68.2624484076571,76.4892463851754,85.5221545241841
"L07-057","Heavy",120.803455461199,38.7388049674018,45264.5469795173,20.6950812168346,19.5745086950596,13.262798097178,0.745719128920413,17.1106315759545,69.4700613131293,73.1540393031181,85.0676797822552
"L07-057","Light",124.097996602562,50.3104856116027,70219.1063971903,19.8536251747051,19.7460048130863,12.79449102961,0.700009794921147,17.1813976525529,70.0578891725695,74.058795566223,85.9679368123397
"L08-088","Heavy",117.682617997135,37.7648156036812,55218.6103749526,19.0193180410738,19.7169150410905,12.632521257498,0.718019136605005,16.8745872593919,69.8747603826444,71.7903251888593,82.9852860272592
"L08-088","Light",120.315572330578,60.502038247405,79110.0872012205,21.507880037551,19.7516143777028,13.0186721782356,0.766107185257207,16.8322822137639,69.8154041605513,72.5432886967507,84.1979862132234
"L08-090","Heavy",128.84820996281,82.6585001738855,111397.565616255,21.1211402406802,20.2976673285926,13.4438160110148,0.763724104677341,18.0721001626728,68.9395161949977,77.4718061346177,86.6060950430833
"L08-090","Light",131.452145528608,64.0847353124212,94828.2544704891,21.2324496352616,20.6033796048912,14.0630422205438,0.737041343353349,18.1163293339401,68.2424588324337,78.406337211105,86.9262113462082
"L08-092","Heavy",131.84668333265,98.0279164372589,121391.380649685,21.2769966099768,20.7377152628219,12.8402775050834,0.758207871499898,18.5052130777314,68.8108006620841,78.8231517027772,86.2817876365447
"L08-092","Light",125.224922073748,79.6270894476337,102585.616973947,21.524728983703,20.249178624109,12.9618917928828,0.808916041838003,17.4334603634426,69.4155166935764,75.3249411638855,85.0665242016249
"L08-726","Heavy",130.773667703045,64.2931720068062,68630.3604625656,22.3612987701453,20.565386294032,11.7875259123756,0.870490882008234,18.3440461466918,69.8033287124735,78.6791167492407,86.6910700858974
"L08-726","Light",132.859265171647,58.4353152174218,74847.0079181285,22.8596166547481,20.7108851986987,11.7958770666995,0.767264484342925,18.2775698115131,69.898894610551,79.1498924201837,87.2251011714011
"L09-099","Heavy",111.349584396302,63.0038123412676,77502.3414627977,22.9777321302905,18.7284228866943,13.0553148264348,0.734415365925744,15.9790350477581,70.3266767388905,67.9782240781547,83.04953720311
"L09-099","Light",116.331872056526,76.6987031332081,91367.0706355354,21.1626211146899,19.1428710619807,13.2371667828756,0.802111377708759,16.287809350094,70.333864413578,69.9964522504572,84.0365718430176
"L09-105","Heavy",114.338477231196,83.8869880251042,109735.677641145,20.6359173349497,19.3934923794236,13.8932821540867,0.73085095119163,16.4380591142218,69.047962678792,70.6999008381509,82.930722083369
"L09-105","Light",114.20770906536,69.8953423333997,100750.054282568,20.5496507277345,19.1068577757115,13.487839277631,0.726540059037335,16.0794778230835,69.9431081528051,69.1080426056914,83.0409901541664
"L09-107","Heavy",114.158066198887,65.6051193027984,83460.8504452147,22.9410717173107,19.1960706210138,13.1140614635612,0.775214383367889,16.3832461560963,69.7762423758076,70.0249264365304,83.1375764432806
"L09-107","Light",114.777452228441,49.576569718055,64439.5331965554,21.4055641449019,19.0992976219683,13.4174222806767,0.755945685549511,16.1296517391239,70.0993564007566,69.3098933601568,83.366358325499
"L09-108","Heavy",116.66951474057,58.3583326029354,95628.4443713768,19.3376188016744,19.5301903533839,13.4275163820209,0.510813594619796,16.7243819351892,69.6346885709112,71.4044538748507,83.203842630773
"L09-108","Light",125.232644427004,53.1022326228378,83066.6064537717,18.99897233002,20.2406245065919,13.2410862457225,0.569949811060383,17.4320064613891,69.2403481701811,75.3115281888203,85.0510596381533
"L09-112","Heavy",121.31650343611,97.6247165273534,96600.8535542258,23.357841066389,19.7694074853933,14.1512116415925,0.99684599470587,17.2182987701381,68.6176247342927,73.615956141562,84.7053177617187
"L09-112","Light",126.615576689841,83.0610245490324,85891.5770702631,23.9912352184231,20.4389243187701,13.8771901165115,1.04399804834201,17.6196910723219,68.5249232470368,76.2017282398275,85.1846969003102
"L09-114","Heavy",124.42778130268,39.4166387337424,71795.539243081,17.4268819041597,20.2853033220396,13.0783456120837,0.54500691018437,17.6740465957237,68.9970561223073,75.4911776076085,84.5076673264017
"L09-114","Light",120.282038132,41.5259773531351,69770.4863804642,19.0052291424155,19.8935060281743,13.2520232742707,0.649398446845195,16.8702841167848,69.3948663671774,72.7563309906447,83.8208690812656
"L09-117","Heavy",126.488314268219,51.2775028721075,65146.0851825547,20.6103255411032,19.8529963266637,12.0069900808303,0.799877942151412,17.7260358442069,70.1230254861026,75.5556511238454,86.9778822077453
"L09-117","Light",139.537871436063,46.3919492408156,82820.2426949646,20.2346764111417,21.0672500110657,11.0185294854766,0.573893559204344,19.0015407087103,69.9281147171474,82.4191555915306,89.1398130679962
"L09-118","Heavy",116.583736532385,32.5717282620069,47838.566188256,22.0722122710053,19.6986217402963,12.1603345447706,0.687875085293788,16.7548855320894,70.6078279529501,71.5053699577309,82.5816694627435
"L09-118","Light",110.240582686687,28.8779787154643,43379.1110774936,22.0640362526044,18.9519663123607,12.699437122732,0.736454138377538,15.6659621548877,70.9548475574505,67.2678486333749,81.6753485310297
"L09-121","Heavy",101.963682741394,91.2025237502943,124629.136821828,18.3376230594793,18.5220854738201,15.6869942979473,0.71938384609556,15.0533151258882,68.8689148876602,63.9093931940957,79.0044358798372
"L09-121","Light",111.003546443541,69.0272667340134,129685.486239277,17.3941599081839,19.2276048889022,14.7705007241986,0.544402108625529,15.8143343328079,69.1888266664738,67.9896031006742,81.2589978413944
"L09-123","Heavy",119.726650814407,74.0322903926676,95011.3513027029,21.6563170300567,19.8928530207087,13.9432729284408,0.737318787883705,17.1159747959369,68.7615036629689,73.1318054834983,83.5362062528406
"L09-123","Light",122.724917333674,66.1562963579936,81017.7750182039,21.913578569525,20.0449832310481,13.3994660505684,0.825363967037298,17.1416497502331,69.2953689425851,73.9874490570816,84.4850221577467
"L09-129","Heavy",111.871012614094,51.865469477096,91386.2820844225,17.7619418494079,19.227243608259,15.3744666936463,0.548182831076245,16.1920014304795,68.3837035954472,68.7610807583145,81.619830834328
"L09-129","Light",120.867320163287,57.8433725643914,112852.803362139,18.6047714943655,19.8339003257726,15.9974665278426,0.5287394135011,16.9095279532507,67.5013788314911,72.9012415599992,84.2801089452552
"L10-147","Heavy",123.612239738862,61.8111883268115,92757.7955531346,21.558166180086,19.7390908581502,12.2263221322166,0.647841478982569,17.4315704430312,70.1121986260486,74.3145714836142,85.7159926636072
"L10-147","Light",120.248524818394,94.6941316022942,98247.136871543,23.3879693780744,19.6818213869954,11.9358819289497,0.965123496645615,16.8061361509975,70.607112826973,72.404851524679,84.382525317501
"L11-168","Heavy",120.262270114205,66.4479384642306,96117.6332775199,19.9208312840699,19.7627329004107,13.4219306556651,0.713857746131745,17.1198793507318,69.2596174185759,73.0415606706916,84.1070582533243
"L11-168","Light",131.003494625824,59.7923770140352,86628.5262842565,20.9513212977955,20.6995696494366,13.4107913101642,0.716042072645542,18.1029063806085,68.5933457117562,78.3918073921919,86.4024344404564
"L11-172","Heavy",131.815710731812,131.145707817339,124996.277302449,23.2243106475313,20.5720603017358,13.0817643651287,0.906307166217877,18.4395542919113,68.7543886814675,78.9383072744402,86.6216769582583
"L11-172","Light",121.047232296505,46.366692395527,60461.4638192777,22.0138028384701,19.5986727035374,12.7445160546785,0.768924918630308,16.8568931431725,70.1258144539081,72.6165880249862,84.9532620181729
"L11-183","Heavy",123.127180560137,126.214455011019,123797.197594788,22.0749269933536,20.121472020815,12.4701625371155,1.01088180845438,17.4848194603492,69.7298263367698,74.9087236798045,84.5296520911578
"L11-183","Light",130.601336379219,70.5985318870272,90618.6594990818,22.9122513641642,20.6166614526689,12.3465591698637,0.811571760773806,18.0418369140404,69.5577423233693,78.0900180631782,86.4692428129954
"L11-187","Heavy",122.294597806492,37.2305257885147,58611.2184804374,22.2871714089178,20.105165562104,13.4584868242366,0.688108465880167,17.4252858908137,68.9538619537738,74.3205527956557,83.8974003333579
"L11-187","Light",130.014279839039,60.4023210511765,87777.3063779055,21.3751837671845,20.8306758429071,13.5610242093029,0.721141550248776,18.0477925442029,68.4731173962595,78.2051028022569,85.622710377593
"L12-201","Heavy",129.756797876425,100.722071211512,89417.9829574005,25.4033670869356,20.3800547634495,11.7885267604678,1.12273722042113,18.172892241594,69.8062452685809,77.977472979952,86.8277754359975
"L12-201","Light",131.994663668517,52.2214191385979,67594.2382908208,23.9652893182697,20.4018661463864,11.4242098190064,0.846654346320361,18.1094095810557,70.2695338792589,78.305033282989,87.6677899942309
"L12-202","Heavy",126.786219397168,83.9932313957001,92570.6929864803,23.3571051551659,20.8528241656924,13.1186316294118,0.920897042911126,18.0324514144238,68.3110695194655,77.6005093987431,84.2445430294812
"L12-202","Light",129.264504151529,76.4574335717761,83578.621416245,24.27579980178,20.8105758157711,13.1189487731297,0.998041347969594,17.9748324510083,68.6407091229946,77.8942955203949,85.244613275538
"L12-218","Heavy",107.452091960944,81.3714453230284,79010.4514714874,20.8196030806246,18.7869513457731,13.8066645391682,1.01491809988537,15.6610392561716,70.195293309822,66.2491805067478,80.6967355845009
"L12-218","Light",111.772083653296,101.234711216655,107325.436996412,20.0197300767727,19.2379096888923,14.2869713160071,0.967188033080032,15.8884390267619,69.6645337061658,68.3120530581873,81.6036526245808
"L12-227","Heavy",113.230360564658,92.6932041686861,84506.7630063858,22.8651696268652,19.7737877634377,14.7658287990319,1.17291149273883,16.4800871584456,68.5657029829598,70.2743448527253,80.8579731297029
"L12-227","Light",125.716954731427,88.9491065171923,95772.6954502977,22.8665565396422,20.7409618946718,14.0010269132061,1.00472563039647,17.6222832930737,68.4528620539445,76.3220471875326,83.9617558988124
"L79-1002","Heavy",64.4943605024014,73.3495347837412,235715.677720705,13.3919788119109,14.8305764743033,24.6057252691429,0.32998183104306,10.5081495167325,65.0623592163493,43.8999646153442,69.0490296960233
"L79-1002","Light",80.8850157014814,55.3400032402914,197133.081643421,11.8444532897055,15.5132649377829,23.6323080446817,0.293248263772889,11.9350060013864,65.3390042773817,50.4281459403099,75.8699273335299
"L94-426","Heavy",128.599685166234,39.1800013658477,60735.7664894387,23.5067207207049,20.3364726076789,14.2672119926018,0.723882022162749,18.0440860878427,68.016397466138,77.7392863509154,86.5692974936977
"L94-426","Light",126.174511212954,65.4826213815157,86039.9453536741,23.014289806973,19.904800317465,13.8407520570636,0.797461013657941,17.4239935464901,68.9636830330944,75.1751538543302,86.3999238652048
"L94-428","Heavy",132.483542863941,97.2905206535244,103051.327803976,23.6754284598192,20.4792021457967,11.737795411064,0.94107190446734,18.4920371817275,69.5741682363991,78.5100376087051,87.2912250056735
"L94-428","Light",124.093200941441,49.7355425942688,70110.5050201986,22.2421044565126,19.8319257193419,12.6314333091444,0.750307748074765,17.20572633996,69.6967587313506,74.2615751417298,85.5587202509876
"L94-432","Heavy",122.886389413591,84.7779531595013,99804.4187934957,21.797112615904,20.374327847694,13.6113379553705,0.814384779486717,17.548313378294,68.5258510708792,75.1882289276732,83.7395732746808
"L94-432","Light",134.021574451583,70.9896525796757,102547.73807241,20.5378264233207,21.0825506149942,13.1166556767576,0.722331040437503,18.4946232778489,68.549053619436,80.2462845143082,86.6874527762958
"L97-128","Heavy",120.21960520932,150.122654498761,127586.919458243,23.091560636247,19.645920405625,12.9552967560666,1.05869458028846,17.0736859673678,69.6800592944902,73.1895744391228,84.7102778085035
"L97-128","Light",130.892001908154,70.9096582901207,91088.4668195256,21.2646541291052,20.6121825142562,13.6232404358514,0.813382207887141,18.0681843867181,68.759429811297,78.2144000963031,86.5899697481495
"L98-207","Heavy",112.292312510909,65.0114837397459,96643.7844683596,18.9192942451217,18.9203942976281,14.3121096491863,0.665156016660762,16.1279103565426,69.289776997421,68.5160854422517,82.8739524227841
"L98-207","Light",126.331914851971,51.3285900934865,87470.1953711714,19.7186789283116,20.2448652068872,13.5344793453586,0.615290294482333,17.5341109200721,68.8367451369187,75.7453543222068,85.6606315490987
"L98-209","Heavy",110.035957118125,71.0953440884551,86440.427409281,21.5755287355845,18.8937563058797,12.9440635160105,0.860096647324676,15.9016035105888,70.3072478553736,67.9348993467511,82.1093861966705
"L98-209","Light",125.949465064241,71.7900499629271,100896.027028399,22.0632195076374,20.3378973456985,12.5205006672749,0.767428901227343,17.529010407639,69.7138522928243,75.7870089105186,85.0835169809678
"L99-226","Heavy",127.183906820453,124.161658563061,98490.0596023926,23.8163850999528,20.5906435760798,13.7793889699844,1.29013706914473,18.0003896701987,68.1480469938408,77.2513192459849,85.0729476699154
"L99-226","Light",128.070166056111,74.8608712049214,72136.2200265428,23.6953033621503,20.5391399504632,12.615886700058,1.12234136071353,17.7847736214461,69.2662669354401,76.9608639054793,85.5401267498022
"L99-233","Heavy",124.728303969873,55.1018803734292,80142.4327364951,19.2676519795676,19.9211218992041,13.782401235201,0.664770419325865,17.5966272375325,68.7598126153978,74.8954567048896,85.5683075433018
"L99-233","Light",128.332342107464,90.1491522574343,125253.441541456,20.5393935645682,20.3348383756081,14.5215750239947,0.769215346382827,17.7478508205859,68.1346525550021,76.717525812035,86.2549443267229
"LA PURPLE","Heavy",110.160855216209,27.9998851142142,44299.9536603917,22.0771455627292,19.3715426773788,13.3239096119118,0.60598162879852,16.042689148555,69.6082490975325,69.1383651334005,81.1143531237552
"LA PURPLE","Light",116.209408681844,40.5157022808583,61575.1788961093,22.8014675349933,19.6374805240486,13.7409886198059,0.68979210085442,16.4198857523581,69.4633150198628,70.7755335167243,82.3652902412245
"LAFITTE 1","Light",86.9624462372441,34.6010009169633,55178.5295656362,21.5677197640725,16.9340519578935,16.1890685849203,0.519563437524051,12.9164554339758,70.2398899968288,55.3544338743375,71.5688570722228
"LAFITTE 2","Light",82.2788246630021,29.9720317489925,124089.593811047,13.2303314076231,16.1309859282892,16.6637446272633,0.324175224202061,12.2365531085262,70.622055106684,52.1886350373509,72.3460801195553
"LAROSE","Light",102.672735545732,40.3216420190139,63693.414683005,22.0031319009837,18.2001396388933,15.0615880230384,0.548857001004836,14.744745498226,69.9552937533045,63.6850940471686,75.7736007692553
"LCP81-010","Heavy",115.487829990215,101.553487509758,88727.7974359969,24.1237009197678,19.421166455738,13.566112005261,1.13138911726989,16.5778060372521,69.5502606953842,70.6350547226287,82.9554657774862
"LCP81-010","Light",123.589236771429,84.8151719898361,82864.070466238,24.5994373181456,20.2442786192461,13.3078136479922,1.06074041983487,17.2804218328838,69.3612057509964,74.6585697974455,84.3543765352242
"LCP81-030","Heavy",123.203550955345,100.318737438364,117801.506738038,24.3534120638698,20.067395247642,12.2145146689409,0.79800113966175,17.4735698828364,69.8344603024596,74.9481389681002,84.8666321769286
"LCP81-030","Light",128.716832790404,75.6411511503792,82420.6491037488,24.5003401846073,20.7316327306048,12.8051721233513,0.927453656524015,17.900771880158,68.9481628810802,77.5329691832067,85.3012630208488
"LCP82-089","Heavy",106.359939416781,29.6099638911182,54932.448812311,17.551222879301,18.8399772185848,14.0821856415216,0.560080853226112,15.5628566501351,69.2420460269784,66.16722318773,79.8801588283297
"LCP82-089","Light",126.677695988349,45.7166880665685,57465.9009452644,22.5275429156498,20.4827612500468,12.5741558851089,0.847635145319878,17.6376729839922,69.3559284413294,76.293623958506,85.060086474494
"LCP85-376","Heavy",101.396477286734,44.7679219772789,52215.6180651576,21.9508577224927,18.0193274777961,13.9183740920905,0.788165106957575,14.8779003748465,70.3233270704604,62.7476086914332,79.7792090236823
"LCP85-376","Light",128.672779503445,67.5094580790137,87327.0962915061,20.8496194961637,20.6584461725245,13.2656985330418,0.770015593865026,17.8710411039911,68.8409055052283,77.3620646288017,85.5728738381403
"LCP85-384","Heavy",126.988428346065,54.6660044555438,92256.7469495305,22.5270319478928,20.2993118496601,12.7652960976402,0.681185377872051,17.8966205879899,69.0104956901003,76.9270991403757,85.8737010009153
"LCP85-384","Light",125.520885690197,95.1494030080839,129004.42790877,21.6591889804556,20.1854839958828,13.3953287933363,0.80043339575258,17.4436419458442,69.1346559268884,75.3447538924568,85.3534645230694
"LCP86-454","Heavy",110.556034852848,59.5013081903782,63283.0677239009,23.3549307790119,18.6216611064454,13.9680301967691,0.900924999741471,15.888243757123,70.014161365768,67.2947857697938,82.7642349824054
"LCP86-454","Light",116.067476413366,82.0414338314223,102978.29772257,23.5766019030691,19.1012542151552,13.3431484258985,0.84574322638222,16.2493994659945,70.1758365844404,69.8169555752453,84.029585368388
"MARTH1","Heavy",82.7435403149729,50.94890440054,85145.816634912,19.1643566104752,16.6587958119033,13.890631054774,0.579924891562428,12.7274738135598,71.859975966976,53.4560645358647,73.9276461518726
"MARTH1","Light",73.8774611888598,35.7439551313778,71955.0481416273,19.7066644633543,15.6130547102874,12.9668507609035,0.475964947127317,11.310705383859,73.624996284904,47.819931508695,71.2913336674099
"MATNA","Heavy",56.7154374973958,11.9560682153797,42879.9172549239,12.967085847409,12.7536217577825,23.317781704307,0.334494283611491,9.1857069179276,67.4712292175718,37.2114167276802,67.4837867069204
"MATNA","Light",97.2014687435057,7.61085445412414,32505.2168546379,16.2156128009282,17.3922123712051,13.811325251606,0.351249318889228,14.0000991764463,71.3425453072035,59.7167665519755,79.5461692056428
"MCILKRUM","Heavy",86.8030537116567,30.3727620796727,58465.7709287784,17.943056732526,16.3147717025392,13.7898026724408,0.462598144059413,13.0025140498713,71.8976510195317,54.7086738283802,77.4424948917053
"MCILKRUM","Light",86.6882615217462,22.0548495003899,48820.2547982963,17.7050450588112,16.363292564511,14.7039095543711,0.471802683291254,12.7226132830269,71.4584497181111,54.0044507721764,76.5068846920656
"MERTHIZELL","Heavy",83.9705596070143,55.9272352058175,94981.979003701,19.3045818098901,16.0546880938307,13.0167958196775,0.611273405723553,12.6746635631551,72.8386384957036,52.789256433565,76.2284565041213
"MERTHIZELL","Light",80.6773996494105,22.2956862758762,40600.1647213023,20.1702676967748,16.0434128042105,12.8004239301477,0.551380271665325,12.0673610952446,73.3147674268601,51.1086593033718,74.2186370897163
"MISC","Heavy",68.9376869014817,43.9186475494373,79734.8331062494,20.1817360419078,14.7200422544189,16.9723364557809,0.549419583781093,10.8943535124723,70.8566635920723,46.0112036348441,64.1171756371884
"MISC","Light",110.685127480579,81.8446307497423,113307.696040529,23.2514860027247,18.8791301761951,14.4120958187958,0.762992281230162,15.6823476727956,69.6836307303429,67.3117159898931,81.9242755150598
"MUNTOKJAVA","Heavy",43.5571405303359,68.5065464291157,103967.01682049,20.5864793552788,12.4209852058838,14.8615753131164,0.709055856368186,7.8592847743605,74.8337785279052,31.7232822095907,60.5615665536672
"MUNTOKJAVA","Light",49.5050278047967,56.2548934166986,94416.5550652418,19.577226366279,13.1186462697018,14.7446071585677,0.649055750572864,8.31939785549179,74.5670036022876,34.8081400931933,61.8194565961009
"N27","Heavy",99.7089467975413,55.0408259515926,55540.9344411314,24.7168516689198,18.0259555617392,12.4497547364876,0.919477112757239,14.7288176430913,71.7990232464876,61.8509076047106,78.9002118586797
"N27","Light",94.1114372790118,61.2940737691529,74746.9418764976,22.600213631047,17.4237885586824,13.2516764943925,0.88016233704655,13.71816012505,71.7150645219487,58.4744432304614,77.7762963483591
"NARGORI","Heavy",98.8143945793963,19.5407399572228,59175.1095131561,15.4786312903097,17.8121408817119,14.2279530252297,0.384436645518431,14.5916262696276,70.6798277301947,61.1350541457686,78.739282919352
"NARGORI","Light",94.0210246222426,15.1974232909511,56332.0389572396,14.8604034347389,17.2106907085444,14.5854385703636,0.34752035676868,13.6445702820515,70.7655595428747,58.2047280951886,77.954310975399
"NCO310","Heavy",111.72499197615,25.4625749050396,31872.8808072978,22.6949450353517,19.3304419777566,13.2935042219797,0.853186988598013,16.1945518677674,69.9848757030832,69.1982223711765,81.5658154795271
"NCO310","Light",109.27616783881,35.2377810603812,52679.2415207826,23.0197507348831,18.8466142294565,12.4236639205791,0.719413142536752,15.5392384675456,71.2076784208396,66.6885580652795,81.4317551496589
"NEWRA","Heavy",60.7265603263342,36.6616815425844,98998.5684424287,15.56619411196,14.3169274111629,15.7340018767392,0.361024809900015,9.99236661207247,72.3340132498029,41.6630436701069,68.3045136460281
"NEWRA","Light",90.9972653870486,32.9236579457489,104775.37827385,16.2850043087025,16.5392433266458,16.30781774458,0.322763085326182,13.1695385480285,70.1959031806868,55.9067214654926,78.4669592966202
"NG5754","Heavy",66.8713366156783,5.28561440380447,108979.057012706,8.47217141161548,14.5476905606947,15.7746603914199,-0.0037488943710256,10.6836703319092,72.7040036369777,43.9183030465376,70.2537492844681
"NG5754","Light",70.6021048201122,75.6530995176505,288813.16964233,11.9089896612988,15.0346766638333,21.0935924446698,0.278004327859659,10.8373716202531,67.8612351670613,45.7086270363382,70.9998723683621
"NG5755","Light",86.9674761255693,63.0112239796645,153391.093811047,14.9620242352907,15.7153710477335,17.7750744480934,0.39559083314537,12.5553624831891,69.6248834508276,53.2270026630468,77.8548518524858
"NGT1159","Heavy",0,4.83196055316029,59846.153929451,10.632940117192,0,0,0.101312181796247,0,0,0,0
"NGT1159","Light",76.7515874524808,14.4557058387256,66884.262121487,9.59904489455035,15.6056331416216,20.6548337763333,0.0812214438181097,11.5690787236312,67.691961124981,48.8741813099319,73.2822234233705
"PAUNRA","Heavy",93.5119794718497,17.9931908343521,42652.8243757062,14.5877528273458,18.3482405634236,15.1065802419914,0.31825671263171,14.2554285156596,69.6857839968761,59.945709946336,74.751813585277
"PAUNRA","Light",88.3764362454598,16.3763505152441,62515.1872385371,13.6215131963995,16.9415768937959,14.5368315137602,0.301247600304101,13.0404094213677,71.1868474675621,55.4556850608201,76.253762148037
"POJ234","Heavy",119.573937633601,90.4082005269237,77868.7892569554,24.4939304341599,19.8448792547357,12.64290808686,1.17673051094147,17.0770186105587,69.5385338229982,72.9919928141258,83.3748198704387
"POJ234","Light",121.467994574743,70.2912539646673,64047.4865837124,26.1320823173301,20.0099472841394,12.6786575941855,1.19829967203974,17.0151370106798,69.6645962730605,73.4353149528514,84.0039340031955
"Q18-131","Light",117.043723052229,44.3769814885679,154288.093811046,12.7809721249176,19.5752713842221,14.9771582716173,0.317660757795375,16.461564303185,68.9854903047462,70.8934808004472,83.1291632425048
"RENA ","Heavy",68.5289064285665,69.6217479430464,106278.966153497,19.1693219676879,14.4730227057195,13.8693746482198,0.643433559008539,10.7721006622635,73.5353960776892,44.6337978795139,71.9990700967823
"RENA","Light",73.5765571162161,51.9940922057505,83308.2741120728,19.7970354710254,14.8004885188642,13.3883136726312,0.635029755451653,11.0482537247801,73.8140489445962,46.5231376495543,73.6225418280802
"RENASPORT","Heavy",87.4766727201467,48.24005028581,157102.447672667,13.7485044987989,16.9162824702749,16.4646966445788,0.296066562871663,13.1994589795366,69.5599841144666,56.1620821116099,76.6691999630687
"RENASPORT","Light",86.6787884737933,40.5352903147143,133315.940059285,13.184175551152,16.5018286879895,16.4675120414547,0.324512324738506,12.761814871282,69.9486075395252,54.1797528584392,76.1578455847336
"RUCKARI","Heavy",83.5573699966487,38.3978386573401,64229.7099452664,13.5944004822586,16.3160665768328,12.9299612440932,0.551282990697323,12.7108937262994,72.9077059629292,53.0808435661278,75.2821325392416
"RUCKARI","Light",90.7279766585003,23.2799166284256,49265.4423306256,18.5934792093536,16.9010319967634,13.0931006827754,0.444145482733753,13.2494566626176,72.3506376037775,56.3321491429554,77.4299186362122
"TEKCHA","Heavy",86.9419139822777,38.6249945323203,66593.1434556343,19.7037534877846,16.3292809635187,13.3657841986401,0.52603364465759,13.0314418430307,72.5322769740139,54.4361975488577,76.9421028277378
"TEKCHA","Light",72.9015879306581,47.3193049577581,90819.9113208158,19.0093188818788,14.7676578352592,13.1702540322067,0.548046054967546,10.9740502240166,74.0727775841654,46.2134668344581,73.1668588857652
"TERERU","Heavy",68.9539820980562,38.5333782312512,101782.014988441,13.760170095652,15.5243781585042,18.5678581933772,0.359172687151705,11.1077040358744,68.8019517678063,46.6142669865569,69.8017280459043
"TERERU","Light",98.3386378526675,41.3589707444468,121019.110580985,14.252416375972,17.0378393515163,16.2144446315788,0.316664632525419,14.0017566340711,69.7426357676187,59.6403723807372,80.5075637301294
"TUCCP77-042","Heavy",106.554210550239,98.5502867740186,92511.9448302197,23.7871865430304,18.6808218024824,13.7823444063975,1.13532430812157,15.5328010055094,70.0057642299146,66.0045243789019,80.8218848527064
"Tuccp77-042","Light",113.952147036089,71.7355921379409,83317.2424527494,25.6875630444535,19.4660945843679,13.8633151167515,0.969630147190101,16.1603730726393,69.6341314459254,69.5502028823326,82.1083612329226
"TUCCP77-042","Light",108.796837652072,98.1692417267403,114804.138463309,22.1898844071295,18.5041730793982,13.4814506942685,0.929965974357206,15.3982094379704,70.715270855518,65.9681060612028,82.1455658424789
"TUKUYUDISTNO1","Heavy",90.561748196236,63.6746621237928,124715.451199516,18.5235427399808,17.373836029752,12.9262068890649,0.477532866083937,13.6665439124863,71.7672807288093,57.6091724737572,76.1806682896608
"TUKUYUDISTNO1","Light",91.2784011711953,26.5203004689776,65574.9294730694,16.5926631233475,16.9174125839924,13.7584766754264,0.408309786869319,13.3056717101492,71.6565388325414,56.575227665331,77.6776159939681
"UBANAQUIN","Heavy",80.9040164502267,33.0072219046568,60224.2361204347,17.3162187790677,15.8571624794297,13.3978098130305,0.528118078213056,12.3070666476351,72.6471186554434,51.8020603000373,75.5525879454656
"UBANAQUIN","Light",76.0155994192936,45.8976833172736,99462.7348261294,18.1172861606488,15.3809789841916,13.5257206955405,0.479537403263047,11.4473396953631,73.2053609301108,48.3568509524664,73.1502026115158
"UBDELNATAL","Heavy",71.5599785508466,31.9612204843898,47370.2026313334,19.7010246349859,15.2816065619509,13.8956083773752,0.58553839859025,11.2587852741359,72.7841976911715,47.6494073418224,72.2527715111034
"UBDELNATAL","Light",79.8999373742982,35.4949352080734,75134.9716407635,18.1262010758616,15.8951148740756,13.2773714289627,0.435999750406402,11.9498600668808,73.1283475837519,50.5902124871141,73.9665266722324
"US00-011","Heavy",67.3422342444253,64.0420987356531,245635.506521114,12.5372562796481,15.093947854001,20.4818517409711,0.255484788720937,10.820009905255,68.072153715492,45.6137039661749,69.6428831501647
"US00-011","Light",76.8822481386617,60.5393857112059,242675.407227319,11.4630374633585,15.2871663556853,21.4690174608768,0.244161995962951,11.4986863816391,67.4025392824053,48.5743949293873,73.4386558310987
"US01-040","Heavy",95.0730174524553,54.4912649204904,71126.4146436389,19.8829577239076,17.2740197187979,16.2591025410932,0.733965882485212,14.0609161386313,69.5295957966906,59.1581243792862,78.8949020846496
"US01-040","Light",95.5123433046165,60.1587462578729,84695.9664792918,20.6207232367168,17.1035394853082,15.6612196188999,0.738206318603215,13.7564233180387,70.2276095897538,58.5482599066386,79.3988807774559
"US03-077","Heavy",53.5882522839009,47.058183525116,150149.511605269,12.4728891820526,13.9663105771253,23.3086856353331,0.283604027734925,9.25343726258822,67.1340578990577,37.8250831665358,63.9117295122836
"US03-077","Light",77.6388033835115,34.9889476669795,147038.355243589,12.2161005647481,15.266082765674,23.524214039465,0.237292032315481,11.5602402559987,65.8250529449458,48.7908212107324,74.6748926673161
"US03-092","Heavy",80.7158882989036,66.496147620548,144384.890504288,17.6105545413461,16.295405653829,18.7816017774536,0.468954179373952,12.4109808286649,68.2450133013631,52.4808867658898,74.3949978166752
"US03-092","Light",88.9653276298407,90.016953206768,189172.433796295,17.5642584420006,16.7890589480458,17.8462857223256,0.49139579070846,13.0588015848568,68.8170026194162,55.5218126193847,76.6151015659449
"US03-095","Heavy",49.3221452105644,56.8767255928433,124398.534690783,14.9806303602661,13.2119152685965,22.3132404635786,0.474777838074822,8.62787945808914,68.195591854945,35.2451640799709,61.9771485375563
"US03-095","Light",76.2465668910376,75.7617932218976,171572.714028583,14.2004031326254,15.1665118010418,22.6476322599311,0.458792087907896,11.4040863954324,66.6190766927103,48.1078677111672,74.2120360617305
"US03-108","Heavy",70.9963717717812,51.1479553198334,243918.220554309,11.1482213417435,16.6962909784631,25.7873589259194,0.232434432148456,11.6687348075343,62.5017241963487,48.8018884731133,67.7582618393374
"US03-108","Light",81.482225903949,59.249606837251,234907.163196285,12.7538001833658,16.511318142343,23.6565716022704,0.257735210785115,12.2764837307929,64.7544504620474,52.1185923089034,73.3795555245265
"US03-74","Heavy",86.779398916537,64.4249727302776,173726.57878737,15.0705817273274,16.657176084714,21.7378677264351,0.385248158599049,13.0973083008899,65.9691741714479,55.1527252902634,76.1811956768375
"US03-74","Light",88.5376652326862,39.6716920180831,128061.044848496,15.329656679899,16.5612673580317,21.6241039351517,0.348044522620969,12.9477869021736,66.3472945976291,54.9731669012848,77.079532620857
"US04-9103","Heavy",63.3572779421759,50.7192030243718,119660.722520888,17.462749881051,15.1001053379189,19.0291139154787,0.36279605369557,10.4789519076702,68.9082441634508,43.9892770189913,67.553399185187
"US04-9103","Light",84.2181231560926,57.9361299313257,138197.105315905,16.3008689416433,16.1814183828556,16.8989986329355,0.418400549576932,12.4385904184832,70.0103058355957,52.7165638912115,75.6971371697435
"US04-9106","Heavy",91.2699807022689,63.101654209411,152160.93790376,17.8397155769987,17.2835205402773,18.2787195321221,0.464647297343673,13.7236909721531,67.6843719395598,57.5552416324973,76.4487048364265
"US04-9106","Light",100.733277325946,96.4827565084991,156596.570906668,18.401734169814,17.5596186658127,18.4061506165567,0.61667517006683,14.3738409207183,67.661409974532,61.300499877246,80.9263531178683
"US04-9116","Heavy",93.6766158784379,44.5316789413408,231100.720897138,11.9454220267586,17.6984942914356,25.2460833473848,0.187934056865422,14.0690429397454,62.2765777567471,59.5212758687196,76.9535253416716
"US04-9116","Light",86.9701653225232,61.3759421236217,259983.828223332,12.5337468031601,16.5462402087655,22.4415475441437,0.234823170201589,12.8009639412521,65.4499240326048,54.3406164822712,76.3041518601622
"US04-9130","Heavy",88.7488916411713,39.6562449690654,180918.504785599,12.5336648102704,17.1104584236738,21.9710604710051,0.225202717912379,13.429639515364,64.9455056858011,56.403621570668,75.8435260980462
"US04-9130","Light",97.6735926061045,46.9193130743663,197294.520121452,12.6363792018148,18.0390329192044,23.2907302688042,0.251441478235435,14.2270977796557,63.1020960266521,60.8060001439996,77.9387445048226
"US06-9304","Heavy",114.872836941006,113.485543173898,131087.377593628,21.0573228151801,18.9057971185644,14.2354671854822,0.857015425491827,16.3940725367694,69.3806302411134,69.1227016621514,83.7368476794775
"US06-9304","Light",115.624082068057,94.0892180971358,131597.76331141,20.426749565947,19.0662997061846,14.0099732854595,0.758050283254297,16.1952962288355,69.5308299877221,69.581144423738,83.958455336416
"US06-9306","Heavy",107.218180208786,62.2191843133899,89265.3941155321,18.592525520837,18.7225477694851,17.9325095239665,0.660847493697938,15.6174556171467,66.7626445913577,66.075159768972,80.8295422440022
"US06-9306","Light",107.247413339137,65.58358283915,90493.1090163216,19.6328514095751,18.3408742193853,16.7607387191381,0.762691427290542,15.2077527997705,68.1386471181987,65.0987468198671,81.9528727446045
"US07-9001","Heavy",109.057381596191,65.6628198130767,144032.653546691,18.3705533709244,18.6533737225985,18.3530435667904,0.474181783377432,15.7716051317691,66.6975404856994,66.7349800002336,81.7902403740261
"US07-9001","Light",105.548182037242,70.8102437811745,145493.735216441,16.5527751040418,18.1072720941267,19.0898726377578,0.499632213004703,14.9799315145798,66.733841486851,64.0803355387268,81.6287739123022
"US07-9004","Heavy",72.1940945405701,68.1431313098382,174436.429148821,16.0106518035017,16.3147277712217,22.6354963976903,0.409656593941119,11.5959627958764,65.3526016127975,50.065560482994,70.4069987998345
"US07-9004","Light",95.8090205589942,71.1384349380072,173563.712127024,14.8284745550707,17.7315088578867,21.2007785494065,0.406819693248456,13.9699594103172,65.4572339093103,59.7219008764163,77.0695560398146
"US07-9022","Heavy",67.9487852010335,86.5651794219895,175508.546625721,16.5453964755066,14.7126991461223,19.3514390265563,0.479982416031493,10.7803246172319,69.3245126356281,44.9463257130635,71.1640901139423
"US07-9022","Light",66.5000626369068,122.337386614308,184373.446710205,19.1683021711961,14.2835345286411,19.1331115819785,0.671425935512877,10.2404365147625,70.2028642315558,43.0299343302834,70.5135281149323
"US07-9026","Heavy",54.0499972193897,61.1879470509981,148051.151866245,14.4087466274165,14.4978877087219,27.113105877491,0.370481799174584,9.41179128560822,63.6196286346481,39.5086784584451,63.1651713836254
"US07-9026","Light",59.6435110870048,39.1908109443712,120479.579751576,14.0293873740075,13.9275625118785,27.6520835792419,0.33302353642881,9.49294156507612,63.7375750189511,39.8319042115945,66.7140902907227
"US09-9206","Light",55.4965720591839,95.3942523284169,137585.492452749,14.8505598751115,13.7150810847516,27.691591325459,0.618458932236548,9.04663005672948,63.9054995911992,37.9934015606709,63.9344604442613
"US72-019","Heavy",77.1441594639816,41.7292927215299,73134.6690670373,16.6358968028437,16.2057702205635,18.9468800817491,0.461507288502177,12.0681909167526,68.3937729979807,50.7609571583612,72.2332907561707
"US72-019","Light",89.6519530776411,56.692434726999,114248.983867455,15.9587801380984,16.9282098445954,19.9942090420143,0.507288325333655,13.1614880549934,67.1743381056439,55.9790842906984,76.6939058365919
"US72-071","Heavy",86.0596191148694,66.1446070879406,209529.276960518,15.3025630280605,16.6234654149631,18.2184975621116,0.341352188621284,13.0327666039838,68.396690057267,54.753787432343,76.0614153292472
"US72-071","Light",92.7163963851927,58.9394332531542,193530.418802875,15.4429004923668,16.8290007166156,17.994583457584,0.338574770370514,13.4092244737235,68.630860697656,57.0003995558361,78.6669850315159
"US79-010","Heavy",111.520148200578,76.7239117197609,128489.569708426,20.9166286991912,19.3201653397143,14.4521775553745,0.583530231772373,16.1781609975639,68.933866516767,68.8979867286557,81.3600867523177
"US79-010","Light",115.707172965506,88.6138148412581,116716.447722117,20.7569023757991,19.5063933567697,14.7182464546082,0.753482410768993,16.3337574075803,68.6916056757072,70.3503795180137,82.5670421780995
"US89-21","Heavy",77.5807726206492,34.4449622709519,64831.8495693742,17.205363685139,15.7895502278206,18.7167128079634,0.507956956166845,12.0277728271771,68.8955964867986,49.7141688382248,73.2039635686676
"US89-21","Light",76.3261983045938,73.1874675475158,116837.475393454,19.0482734058491,15.6197858486839,18.5257151480974,0.683819358220269,11.5401550660621,69.3497524790248,48.7860897006096,72.9440660768334
"US92-06","Heavy",96.9663688109574,36.2887343536911,204733.435036273,11.3225823185812,17.9830594700639,20.8976206757908,0.182134542346352,14.4716106489543,65.1504244211484,61.0441204776261,77.90706209812
"US92-06","Light",81.0035396902794,58.7208132024781,276197.308312571,12.2637257966075,16.2481468438234,19.8526626403243,0.214009168351165,12.1560443145398,67.6517049931811,51.5511912404916,73.8106698172055
"US99-022","Heavy",94.0072110297985,81.3951947854134,126065.178872418,20.5162214816491,17.1499491117051,17.2771932484095,0.668550113578436,13.9460501610888,69.1191071134218,58.0623702412259,78.2912266280214
"US99-022","Light",96.963197116626,86.317274724653,132588.799365481,19.5343664573408,17.5829589492365,16.283866754317,0.675441917939337,14.0304070165971,69.5196239252318,59.8571775381635,78.7483097343839
"US99-34","Heavy",47.9205253187311,23.4449473691743,34418.6928608459,21.7462474026198,13.3739189462315,11.1805951104627,0.615673877789076,8.49614667019546,76.7033604766334,36.0150241972423,62.3936927660583
"US99-34","Light",65.4550205755006,47.6436898602548,73688.0921639896,19.4650679497659,14.2698085681168,12.6809125740909,0.613008187693991,10.1399103090888,75.196080553772,42.6211726044376,69.6913834523515
"VCP 97-127","Light",89.0363571551193,35.0723897879899,56515.92714438,21.1417914067228,17.0274471731054,15.6039761687618,0.588367280155996,13.135802640933,70.6487192877487,55.9118211134206,75.912688512974
"YELLOWCAL","Heavy",55.5003442126243,25.6069556802663,22361.3864294617,32.2701935446311,13.951068568744,13.0303989577441,1.23551712140218,9.42347982428351,75.1742151352329,38.725138765334,65.4733372885767
"YELLOWCAL","Light",66.9390575396125,17.567731083634,24715.9853978623,27.9599818674566,14.9667743809941,12.3355538879889,0.837955921044337,10.4829456070314,74.8407034201219,44.1390112440224,69.433380986603
